9/6/2024,Kingsford Hotel Bacolod CCTV,CMRP24090382,6,Megaworld,Electrification,CCTV,Buildings,CONSTRUCTION,9/4/2024,9/17/2024,GO,CBD,AVR,AVR,Submitted,3/26/2025,20,3748214.29,OP30,,,,,,,,,internal of Meg
1/22/2025,Copper and Ammonia FMCS Integration,CMRP25010032,0,ST Microelectronics,Automation,INSTRUMENTATION,Manufacturing,SEMICON,1/22/2025,1/28/2025,GO,CBD,RJR,RJR,Submitted,2/3/2025,,82624.94,OP100,2/1/2025,,,,,,,,
1/9/2025,MRT7 Station 12 ACS & FDAS,CMRP25010003,3,Monocrete Inc.,Electrification,EE & AUX,Buildings,CONSTRUCTION,1/8/2025,1/15/2025,GO,CBD,JEB,ASB,Submitted,4/23/2025,27,31094635.96,OP60,,,,10-Existing,10 -Existing Solution,10 -Focus Business,7 -Urgent,10 -Complete,"Jan13:
- create assumption of working hours / manpower
- technical notes: any deviation from the plan / assumption"
11/5/2024,Kingsford Hotel ACS & Traffic Management System,CMRP24110469,5,Megaworld,Electrification,ACS,Buildings,CONSTRUCTION,10/30/2024,11/08/2024,GO,CBD,RJR,SubCon,Submitted,4/25/2025,24,4249249.60,OP30,,,,10-Existing,10 -Existing Solution,8 -Strategic Business,10 -Reasonable Time,10 -Complete,"Jan13: 
- waiting for Megaworld feedback"
2/7/2025,URC Malvar NSL_Electrical Works Site Development Lightings ,CMRP25020061,2,URC BCFG,Electrification,EE & AUX,Manufacturing,F&B,2/7/2025,2/24/2025,GO,JMO,CBG,Partner,Submitted,3/27/2025,22,18140891.35,LOST,4/1/2025,Commercial Offer Optimization,,10-Existing,3 -No Previous Experience,5 -Peripheral Scope,5 -Budgetary,10 -Complete,Lost to SSW acc to buyer (Levi Gealogo) 14Apr
11/11/2024,JX Metals Slitting Machine Panel Rehab,CMRP24120518,0,"JX Metals Philippines, Inc.",Automation,ELECTRICAL,Manufacturing,SEMICON,11/8/2024,,GO,RTR,MMR,MMR,Submitted,12/12/2024,,340000.00,OP100,1/1/2025,,,10-Existing,10 -Existing Solution,10 -Core Business,10 -Reasonable Time,10 -Complete,WO 256012146
2/19/2025,ORCA Eisberg 321.28 kWp Roof-Mount On-Grid Solar,CMRP25020072,0,ORCA-Caloocan,Electrification,SOLAR,Buildings,COLD STORAGE,2/19/2025,2/28/2025,GO,JMO,JMO,Partner,Submitted,,20,17247292.22,OP90,,,,5-New Account No Champion,10 -Existing Solution,5 -Peripheral Scope,7 -Urgent,10 -Complete,ENTORIA's send PPA rate to ORCA 15Apr
3/14/2025,Secretariat Bldg 121.8kWp Solar Hybrid On-Grid with 122kWhr Battery,CMRP24100440,4,"DDT Konstract, Inc.",Electrification,SOLAR,Buildings,CONSTRUCTION,3/14/2025,03/15/2025,GO,JMO,JMO,Partner,Submitted,,19,12000000.00,OP60,,,,5-New Account No Champion,5 -Need External Resource,2 -Non Core for Subcon,10 -Reasonable Time,10 -Complete,VP Staff waiting for 3rd Bidder
11/19/2024,Pam 2 Electrical Works for Coffee and RTD Beverage Substation,CMRP24120532,0,URC BCFG,Electrification,ELECTRICAL,Manufacturing,F&B,1/19/2024,,GO,JMO,JMO,SubCon,For Revision,1/16/2025,19,8202545.21,OP30,,,,10-Existing,10 -Existing Solution,8 -Strategic Business,10 -Reasonable Time,10 -Complete,End-user looking for MVSG new location 15Apr
11/21/2024,NGC Main Street CCTV,CMRP24120519,1,Megaworld,Electrification,CCTV,Manufacturing,MANUFACTURING,,,GO,CBD,AVR,AVR,Submitted,1/17/2025,30,5338507.60,OP30,,,,,,,,,"April 07:
- to revise offer to CCTV Axis brand RFQ to Netpac"
11/28/2024,Pam 2 New Pampanga Warehouse CCTV requirements,CMRP24120535,0,URC BCFG,Electrification,CCTV,Manufacturing,F&B,1/14/2025,1/21/2025,GO,JMO,RJR,AVR,Submitted,2/21/2025,20,3916082.48,OP30,,,,10-Existing,5 -Need External Resource,8 -Strategic Business,5 -Budgetary,10 -Complete,Under Technical & Commercial Evaluation
1/3/2025,Pam 1 Jaguar Plant PM of MVSG Transformer  & Accessories,CMRP25010014,0,URC BCFG,Electrification,ELECTRICAL,Manufacturing,F&B,1/3/2025,,GO,JMO,JMO,SubCon,Submitted,1/21/2025,17,1249775.15,LOST,4/1/2025,,,10-Existing,5 -Need External Resource,5 -Peripheral Scope,5 -Budgetary,5 -Limited,Lost Bid to Tan Delta
1/6/2025,URC SURE Supply of Vibration Transmitter,,,URC SURE,Automation,INSTRUMENTATION,Manufacturing,F&B,1/2/2025,1/9/2025,DECLINE,NSG,NSG,NSG,,,,,,,,,2-Existing account with No Orders,3 -No Previous Experience,2 -Non Core for Subcon,5 -Budgetary,2 -No Data,
1/6/2025,URC SURE Supply of Smart Positioner,,,URC SURE,Automation,INSTRUMENTATION,Manufacturing,F&B,1/2/2025,1/9/2025,DECLINE,NSG,NSG,NSG,,,,,,,,,2-Existing account with No Orders,3 -No Previous Experience,2 -Non Core for Subcon,5 -Budgetary,2 -No Data,
1/6/2025,Additional Scope for NCC FDAS - Option 1,CMRP25010004,0,​Northern Cement ​Corporation,Electrification,FDAS,Manufacturing,CEMENT,1/3/2025,1/9/2025,GO,LOS,NSG,SubCon,Submitted,1/9/2025,35,,,,,,10-Existing,10 -Existing Solution,10 -Core Business,10 -Reasonable Time,10 -Complete,For Subcon - Difsys
1/6/2025,NCC Maintenance of Line A Fire Detection Alarm System,CMRP25010004,0,​Northern Cement ​Corporation,Electrification,FDAS,Manufacturing,CEMENT,1/3/2025,1/9/2025,GO,NSG,NSG,SubCon,Submitted,1/9/2025,,,,,,,10-Existing,10 -Existing Solution,10 -Core Business,10 -Reasonable Time,10 -Complete,For Subcon - Difsys
2/24/2025,URC La Carlota Mill Installation of Controls for 10 units of Pans,CMRP24120536,2,URC BCFG,Automation,PLC / SCADA,Manufacturing,F&B,1/31/2025,,GO,RTR,RTR,RTR,Submitted,2/21/2025,,9910704.77,OP60,,,,10-Existing,8 -Need to Customize,8 -Strategic Business,5 -Budgetary,5 -Limited,
1/7/2025,URC SURE Supply of Tachometer,,,URC SURE,Automation,INSTRUMENTATION,Manufacturing,F&B,1/6/2025,,DECLINE,NSG,NSG,NSG,,,,,,,,,2-Existing account with No Orders,3 -No Previous Experience,2 -Non Core for Subcon,5 -Budgetary,2 -No Data,
1/7/2025,URC La Carlota Repair of 2 Units Soft Starter,,,URC SURE,Electrification,ELECTRICAL,Manufacturing,F&B,1/7/2025,,DECLINE,NSG,,,,,,,,,,,2-Existing account with No Orders,3 -No Previous Experience,2 -Non Core for Subcon,5 -Budgetary,10 -Complete,
11/19/2024,URC Pamp 2 Packaging Cooling Tunnel Controller & HMI Upgarde for L1 & L2,CMRP24120531,2,URC BCFG,Automation,PLC / SCADA,Manufacturing,F&B,3/7/2025,3/14/2025,GO,JMO,RJR,VIB,Submitted,4/10/2025,15,5904833.39,LOST,4/1/2025,,,10-Existing,10 -Existing Solution,10 -Core Business,10 -Reasonable Time,10 -Complete,Lost to JAM by 12.55 (5.164M VAT EX)
1/13/2025,RCBC Supply and Installation of ABB ACB,CMRP25010006,2,Applied Thermal Technology Solution Corporation,Electrification,ELECTRICAL,Buildings,CONSTRUCTION,1/10/2025,1/21/2025,GO,CBD,NSG,MMR,Submitted,2/5/2025,27,1250000.00,OP100,2/1/2025,,,10-Existing,10 -Existing Solution,10 -Core Business,10 -Reasonable Time,10 -Complete,"Jan13:
For Site Inspection: SE & MMR
Jan20:
-waiting for DAHUA
-Mechanical Contractor (subcon: Jays from URC sir Jun from Unilab)
-need reference from the subcon and detailed limitation/exclusions of their offers"
3/3/2025,Aboitiz TMO UPGRADE OF MOBILE 5 DG 8910 PLC SYSTEM,CMRP25030098,0,Aboitiz,Automation,PLC / SCADA,Power,POWER PLANT,2/17/2025,3/7/2025,GO,RTR,AVR,DS,Submitted,3/12/2025,20,5405994.87,OP90,,,,,,,,,"mar31
- followup ms Jean today and request details on bonds"
1/10/2025,Installation of 2 sets Lightning Arrester_PR#1200014782,,,URC SURE,Electrification,CCTV,Manufacturing,F&B,1/10/2025,1/17/2025,DECLINE,JMO,,,,,,,,,,,10-Existing,5 -Need External Resource,2 -Non Core for Subcon,7 -Urgent,5 -Limited,
1/10/2025,S&I Auxiliary Works (FDAS & Tel) @ Mandaluyong Legislative Works,CMRP25010031,0,"WHITEPORT, Inc.",Electrification,FDAS,Buildings,CONSTRUCTION,1/10/2025,2/7/2025,GO,JMO,CBG,CBG,On-Going,,20,,,,,,5-New Account No Champion,10 -Existing Solution,2 -Non Core for Subcon,10 -Reasonable Time,10 -Complete,"For qtn finalization by IAn/Marc
- ACS
Apr 10:
-ACS to input quotation from 
-PABGM - no quote"
2/8/2025,Aboitiz TMI Nasipit RTU Integration,CMRP25010029,1,Aboitiz,Electrification,PLC / SCADA,Power,POWER PLANT,,,GO,RTR,AVR,SubCon,Submitted,2/3/2025,24,1896937.17,OP100,2/1/2025,,,,,,,,
2/21/2025,MRT7 Station 2 ACS,CMRP25020076,1,DBBC,Electrification,ACS,Buildings,CONSTRUCTION,2/19/2025,2/26/2025,GO,CBD,CBG,Partner,Submitted,4/22/2025,27,7853521.35,OP60,,,,,,,,,
1/13/2025,URC SURE PR#100012098 - Current Transducer,,,URC SURE,Automation,INSTRUMENTATION,Manufacturing,F&B,1/10/2025,,DECLINE,NSG,NSG,NSG,,,,,,,,,2-Existing account with No Orders,3 -No Previous Experience,2 -Non Core for Subcon,5 -Budgetary,2 -No Data,
1/13/2025,URC SURE PR#1000115647 - Solenoid Valve,,,URC SURE,Automation,INSTRUMENTATION,Manufacturing,F&B,1/13/2025,,DECLINE,NSG,NSG,NSG,,,,,,,,,2-Existing account with No Orders,3 -No Previous Experience,2 -Non Core for Subcon,5 -Budgetary,2 -No Data,
1/13/2025,ADI B1 Existing BMS Migration and Integration,CMRP25010005,2,Analog Devices Inc.,Automation,BMS,Manufacturing,SEMICON,1/8/2025,,GO,LOS,RJR,RJR,Submitted,2/17/2025,27,435131.28,OP90,,,,10-Existing,10 -Existing Solution,10 -Core Business,10 -Reasonable Time,5 -Limited,"Waiting for Client's IO List
Jan13:
- CMRP has 1 spare of PLC but no IO Modules
- if not sufficient request from partners/supplier for service units
- Mtech Iaworx Difsys
Mar31:
- ADI focuses on Bldg 3"
1/14/2025,Steelworld Digital Modules/PLC Troubleshooting,,,Steelworld Manufacturing Corporation,Automation,PLC / SCADA,Manufacturing,MANUFACTURING,1/14/2025,,DECLINE,RTR,VIB,SubCon,,,,,,,,,5-New Account No Champion,10 -Existing Solution,8 -Strategic Business,5 -Budgetary,5 -Limited,For Subcon to DotXwaiting for client to send password of machines dotx offered upgrade
1/14/2025,Room Temp Monitoring,,,Grand Apex Construction Inc.,Electrification,FDAS,Buildings,CONSTRUCTION,1/14/2025,,DECLINE,CBD,VIB,,,,,,,,,,,,,,,"VIB Feb03: Yek Yeu M. Andaya no reply to inquiry through viber and email.
Feb10: to ask support from NSG to followup"
1/15/2025,Crimson Clark Chiller Management System,CMRP25010013,0,Applied Thermal Technology Solution Corporation,Automation,PLC / SCADA,Buildings,CONSTRUCTION,1/15/2025,1/21/2025,GO,CBD,RJR,RJR,Submitted,1/21/2025,,3118352.39,OP30,,,,,,,,,"Budgetary
Jan20:
- Offer Siemens Building"
1/16/2025,Whiteport Supply of Panel Boards & ECBs for FTS (Binondo) Project,CMRP24120523,1,"Whiteport, Inc.",Electrification,ELECTRICAL,Buildings,CONSTRUCTION,1/16/2025,,GO,NSG,NSG,SubCon,Submitted,1/16/2025,25,1076855.05,OP30,,,,5-New Account No Champion,10 -Existing Solution,10 -Core Business,10 -Reasonable Time,10 -Complete,
1/16/2025,Riviera Golf Club Replacement of VFD,CMRP24040110,1,"Riviera Golf Club, Inc.",Electrification,ELECTRICAL,Buildings,OTHERS,1/16/2025,,GO,NSG,NSG,SubCon,Submitted,1/16/2025,17,112857.14,OP100,1/1/2025,,,10-Existing,10 -Existing Solution,10 -Core Business,10 -Reasonable Time,10 -Complete,"Awarded: Jan 02 2025
PO Cancellation to Riviera Feb 28 2025"
1/17/2025,Difsys Supply of UTP Lan Cable,CMRP25010011,0,"Digitally Intelligent Facility Systems, Inc. ",Automation,IT,Manufacturing,OTHERS,1/13/2025,1/20/2025,GO,NSG,NSG,SubCon,Submitted,1/20/2025,25,25378.89,OP30,,,,10-Existing,10 -Existing Solution,10 -Core Business,10 -Reasonable Time,10 -Complete,
1/17/2025,MRT7 Station 9 VO (additional devices),CMRP25010009,0,Archipelago Builders Corporation,Electrification,ACS,Buildings,CONSTRUCTION,1/17/2025,1/20/2025,GO,CBD,NSG,SE,Submitted,1/21/2025,19,1005600.47,OP30,,,,10-Existing,10 -Existing Solution,10 -Core Business,10 -Reasonable Time,10 -Complete,01/20/2025: For Review and Approval JEB
1/17/2025,FCF Minerals Supply of Siemens MCCB,,,FCF Minerals Corporation,Automation,PLC / SCADA,Manufacturing,UTILITIES,1/16/2025,,DECLINE,NSG,NSG,NSG,,,,,,,,,5-New Account No Champion,10 -Existing Solution,10 -Core Business,10 -Reasonable Time,10 -Complete,"01/20/2025: For Client Approval submitted clarification 
01/23/2025: Not Responsive | Declined Supply Opps"
1/18/2025,UEO1 Walkthrough Metal Detectors,CMRP25010019,0,Megaworld,Electrification,EE & AUX,Buildings,CONSTRUCTION,1/17/2025,1/21/2025,GO,CBD,RJR,CBG,Submitted,,19,404933.04,LOST,2/1/2025,Commercial Offer Optimization,Overstimation of costs,,,,,,"Jan20:
-waiting for PDX quotation"
1/18/2025,LA CARLOTA Distillation FDAS PM & Gas Detector & Alarm Inst'n PR No. 1200007856,CMRP,,URC SURE,Electrification,FDAS,Manufacturing,MANUFACTURING,1/18/2025,1/25/2025,DECLINE,JMO,,,,,,,,,,,2-Existing account with No Orders,5 -Need External Resource,2 -Non Core for Subcon,7 -Urgent,5 -Limited,
1/18/2025,LA CARLOTA Distillery Rehabilitation & Centralization of 7-Zones FDAS,CMRP,,URC SURE,Electrification,FDAS,Manufacturing,MANUFACTURING,1/18/2025,1/25/2025,DECLINE,JMO,,,,,,,,,,,2-Existing account with No Orders,5 -Need External Resource,2 -Non Core for Subcon,7 -Urgent,5 -Limited,
1/18/2025,Project Pylon Auxiliary,,,Wiz Winner Inc. /Monde,Electrification,EE & AUX,Manufacturing,MANUFACTURING,1/18/2025,1/29/2025,DECLINE,LOS,MMR,MMR,,,,,,,,,,,,,,
1/19/2025,WPI NGBP Supply & Deliver 7-Switchgear & 37-Transformer,CMRP25010008,0,"WHITEPORT, Inc.",Electrification,ELECTRICAL,Buildings,CONSTRUCTION,1/7/2025,1/9/2025,GO,NSG,NSG,SubCon,Submitted,1/17/2025,19,,,,,,2-Existing account with No Orders,5 -Need External Resource,7 -Core + Peripheral,7 -Urgent,10 -Complete,"For Sub Con - G-Tech & SESCO (Rua Source no response)
Jan13: Partial offer for G=Switch gear only
- Need to cover consultant (IN-HOUSE DATA LAND) to have an edge in the opportunity
- doublecheck quotation from G Tech and JMO contacts
- info from end user: local fabricator is allowed"
1/20/2025,"NCC ECC Design Supply Installation and Commissioning of FDAS and Fire Suppression using Water
Deluge System in Substation 1 and 2: 6 x 25 MVA Power Transformer.",CMRP25,,NCC,Electrification,FDAS,Manufacturing,CEMENT,1/16/2025,,PENDING,LOS,CBG,SubCon,Submitted,,,,,,,,,,,,,Hyblaze to subcon fire suppression; Difsys for FDAS - for follow up c/o Ian
1/20/2025,NPI Supply and Installation of Ethernet Switch 16port,CMRP25010012,0,"Net Pacific, Inc.",Automation,PLC / SCADA,Buildings,CONSTRUCTION,1/20/2025,1/21/2025,GO,NSG,NSG,DS,Submitted,1/21/2025,36,65970.43,OP100,1/1/2025,,,10-Existing,,,,,
1/20/2025,"NCC ECC Design Supply Install & Commission FDAS in Substation 1 & 2 Switchgear
Room",,,NCC,Electrification,FDAS,Manufacturing,CEMENT,1/16/2025,,GO,LOS,CBG,SubCon,Submitted,3/18/2025,18,2676886.68,OP30,,,,,,,,,Hyblaze to subcon fire suppression; Difsys for FDAS - for follow up c/o Ian
1/20/2025,URC Cal Rewinding of 3 Induction Motors  PR 1000123808,CMRP,,URC BCFG,Electrification,ELECTRICAL,Manufacturing,F&B,1/20/2025,,DECLINE,JMO,,,,,,,,,,,,,,,,
1/20/2025,IBEL PA/BX System,CMRP25010021,1,Megaworld,Electrification,PABGM,Buildings,CONSTRUCTION,1/17/2025,1/29/2025,DECLINE,CBD,MMR,AVR,Submitted,2/14/2025,15,14857164.65,,,,,,,,,,"Jan20:
waiting for PDX quotation"
1/20/2025,MRT7 Station 12 Depot ACS & FDAS,CMRP25010010,2,Monocrete,Electrification,EE & AUX,Buildings,CONSTRUCTION,,,GO,CBD,MMR,MMR,Submitted,2/2/2025,22,9269589.01,OP30,,,,,,,,,
1/20/2025,Pilmico Tarlac Feedmill 2 Automation,,,Pilmico,Automation,PLC / SCADA,Manufacturing,OTHERS,1/9/2025,,GO,RTR,RJR,,Not Yet Started,,,,,,,,,,,,,For Site Inspection on Jan 22
1/20/2025,MRT7 Station 12 O&M ACS & FDAS,CMRP25010015,3,Monocrete,Electrification,EE & AUX,Buildings,CONSTRUCTION,,,GO,CBD,MMR,MMR,Submitted,2/5/2025,22,21704776.35,OP30,,,,,,,,,
1/21/2025,Supply & Deliver 63kWp Solar Hybrid System for Napsan Villas,CMRP24110507,,"WHITEPORT, Inc.",Electrification,SOLAR,Power,CONSTRUCTION,1/21/2025,2/11/2025,DECLINE,,,,,,,,,,,,5-New Account No Champion,5 -Need External Resource,2 -Non Core for Subcon,5 -Budgetary,10 -Complete,NO Subcon for Installation
1/21/2025,DMCI Metrobank Head Office BMS & Aux,,,DMCI,Automation,BMS,Buildings,CONSTRUCTION,1/17/2025,2/7/2025,DECLINE,CBD,,,,,,,,,,,,,,,,"For site presentation
For Info gathering
-ask for extension
-DMCI leverage Siemens in BMS c/o Sir Rojel
-competitor: IATech using ABB"
1/21/2025,URC Bagumbayan_S&I Power Meters & Wiring Components (PR 1200014060),CMRP25010018,0,URC-BCFG,Electrification,EE & AUX,Manufacturing,F&B,1/21/2025,1/28/2025,GO,JMO,MMR,MMR,Submitted,1/24/2025,15,451799.99,LOST,1/1/2025,Commercial Offer Optimization,"Overstimation of costs, Rushed preparation resulting in low-quality proposals.",10-Existing,10 -Existing Solution,10 -Focus Business,7 -Urgent,5 -Limited,wiining Bid 200k+ only
1/22/2025,Magnolia Supply of Level Floatswitch,,,"Magnolia, Inc.",Digitalization,INSTRUMENTATION,Manufacturing,F&B,1/22/2025,,DECLINE,NSG,NSG,NSG,,,,,,,,,8-With Account Champion,3 -No Previous Experience,5 -Peripheral Scope,5 -Budgetary,2 -No Data,
1/22/2025,URC Passi PR#1000124112 - Electrode,,,URC SURE,Automation,INSTRUMENTATION,Manufacturing,F&B,1/22/2025,,DECLINE,NSG,NSG,NSG,,,,,,,,,2-Existing account with No Orders,3 -No Previous Experience,5 -Peripheral Scope,5 -Budgetary,2 -No Data,
1/22/2025,BBP Sheraton Manila Hotel Chiller Plant Energy Optimization,CMRP25010016,3,BBP,Electrification,EE & AUX,Buildings,CONSTRUCTION,1/22/2025,,GO,RTR,VIB,SE,Submitted,3/7/2025,15,2570000.00,OP100,3/1/2025,,,10-Existing,10 -Existing Solution,10 -Core Business,10 -Reasonable Time,10 -Complete,VIB Feb03: SE already sent BOM waiting for final approved docs (SOW components list io list from BBP
1/22/2025,Knoll BMS,,,Knoll JB Packaging Corporation,Automation,BMS,Manufacturing,MANUFACTURING,1/22/2025,,GO,RTR,EIS,EIS,Submitted,,,,,,,,5-New Account No Champion,10 -Existing Solution,10 -Core Business,5 -Budgetary,10 -Complete,
1/8/2025,MRT7 Station 1 ACS,CMRP25010002,3,T&D Power Systems,Electrification,ACS,Buildings,CONSTRUCTION,1/7/2025,,GO,CBD,MMR,SubCon,Submitted,2/13/2025,26,6696428.57,OP100,2/1/2025,,,5-New Account No Champion,10 -Existing Solution,10 -Core Business,7 -Urgent,5 -Limited,"Quote to IoT
Jan13: 
- Due to unavailability of documents and BOQ quotation is based on assumptions
- Client deadline ASAP
- SE Team to set meeting with T&D and finalize BOQ(with buffer). Proposal will proceed with costing works"
1/22/2025,Replacement of Capacitor and its Aux in CapBank B LVSG Nursing Tower 1,,0,St. Luke's,Electrification,EE & AUX,Buildings,OTHERS,1/20/2025,2/3/2025,GO,CBD,MMR,MMR,Submitted,1/30/2025,16,3039803.58,OP30,,,,,,,,,
1/23/2025,Repair/Programming Siemens HMI LCD @ Water Treatment Plant (PR#1000126500),CMRP25020040,0,URC SURE Ursumco,Automation,PLC / SCADA,Manufacturing,MANUFACTURING,1/23/2025,1/30/2025,GO,JMO,VIB,VIB,Submitted,1/27/2025,38,399822.38,LOST,1/1/2025,Competitive Landscape,Competitor is gencon/prev contractor//fabricator/core skilled,10-Existing,10 -Existing Solution,8 -Strategic Business,5 -Budgetary,5 -Limited,Lost to Cebu-based Metrologic (143k Only)
1/23/2025,IBEL AVR,,3,Megaworld,Electrification,ELECTRICAL,Buildings,CONSTRUCTION,1/23/2025,1/28/2025,GO,CBD,MMR,,Submitted,1/27/2025,,886000.72,LOST,3/1/2025,,,,,,,,Awarded to winning Genset supplier (package)
1/23/2025,MRT7 S7 FDAS VO,CMRP22030140VOFDAS,0,ARAJA,Electrification,FDAS,Buildings,CONSTRUCTION,1/23/2025,1/23/2025,GO,RTR,VIB,SE,Submitted,1/23/2025,28,1638709.41,OP100,1/1/2025,,,10-Existing,10 -Existing Solution,10 -Core Business,7 -Urgent,10 -Complete,SC000014218
1/23/2025,MRT7 S7 ACS VO,CMRP22030140VOACS,0,ARAJA,Electrification,ACS,Buildings,CONSTRUCTION,1/23/2025,1/23/2025,GO,RTR,VIB,SE,Submitted,1/23/2025,31,1634377.86,OP100,1/1/2025,,,10-Existing,10 -Existing Solution,10 -Core Business,7 -Urgent,10 -Complete,
1/23/2025,NGC EE & Aux,CMRP25010024,5,Megaworld,Electrification,ELECTRICAL,Buildings,CONSTRUCTION,1/23/2025,2/14/2025,GO,CBD,CBG,CBG,Submitted,4/22/2025,21,19103566.62,OP30,,,,,,,,,"Apr24:
- Cable quantity concern (x3 compare to other competitors)
- to check by ASB this morning
- to submit optimized today(apr24)"
1/23/2025,WPI NGBP Supply & Deliver 7-Switchgear & 37-Transformer,CMRP25010008,1,"WHITEPORT, Inc.",Electrification,ELECTRICAL,Buildings,CONSTRUCTION,1/7/2025,1/24/2025,GO,NSG,NSG,SubCon,Submitted,1/24/2025,19,170113926.89,OP30,,,,2-Existing account with No Orders,5 -Need External Resource,7 -Core + Peripheral,7 -Urgent,10 -Complete,
1/23/2025,WPI Supply and Delivery of Panel Boards for QC Congress Secretarial Project,CMRP25010021,1,"WHITEPORT, Inc.",Electrification,ELECTRICAL,Buildings,CONSTRUCTION,1/23/2025,1/24/2025,GO,NSG,NSG,NSG,Submitted,1/24/2025,25,71745.52,OP30,,,,5-New Account No Champion,8 -Need to Customize,8 -Strategic Business,5 -Budgetary,5 -Limited,
1/24/2025,SMYPC CGP Field Wiring & Siemens Control Hardware ,,0,San Miguel Yamamura Packaging Corporation,Automation,PLC / SCADA,Manufacturing,MANUFACTURING,1/24/2025,1/30/2025,GO,RTR,AVR,MMR,Submitted,,,,,,,,10-Existing,10 -Existing Solution,8 -Strategic Business,7 -Urgent,10 -Complete,
1/24/2025,FBI Servequest Office Project CCTV,CMRP25010022,0,Forthright Builders Inc.,Electrification,EE & AUX,Buildings,OTHERS,1/24/2025,,GO,LOS,CBG,Partner,Submitted,2/13/2025,25,1187333.06,OP30,,,,5-New Account No Champion,10 -Existing Solution,10 -Core Business,7 -Urgent,5 -Limited,Need site survey ASAP
1/24/2025,ADI Supply of BMS Spare Parts,CRMP25010017,1,"Analog Devices, Inc.",Automation,BMS,Manufacturing,SEMICON,1/23/2025,1/24/2025,GO,NSG,NSG,DS,Submitted,1/24/2025,25,205536.54,OP90,,,,10-Strategic,10 -Existing Solution,10 -Core Business,10 -Reasonable Time,10 -Complete,
1/24/2025,Difsys Supply of Patch Cords,CRMP25010023,0,"Digitally Intelligent Facility Systems, Inc. ",Automation,IT,Manufacturing,OTHERS,1/24/2025,1/24/2025,GO,NSG,NSG,NSG,Submitted,1/24/2025,20,59164.06,OP30,,,,10-Existing,10 -Existing Solution,8 -Strategic Business,10 -Reasonable Time,10 -Complete,From Netpacific Stock
1/24/2025,ACS Variation Order - MRT 7 Station 4,CMRP24100443,1,"Rhodium 688 Builders, Inc",Electrification,ACS,Buildings,CONSTRUCTION,1/24/2025,1/24/2025,GO,NSG,NSG,SubCon,Submitted,1/24/2025,19,486913.69,OP30,,,,10-Existing,10 -Existing Solution,10 -Focus Business,10 -Reasonable Time,10 -Complete,Updated VO - ACS Devices Only
1/24/2025,ACS Variation Order - MRT 7 Station 5,CMRP24100444,1,"Rhodium 688 Builders, Inc",Electrification,ACS,Buildings,CONSTRUCTION,1/24/2025,1/24/2025,GO,NSG,NSG,SubCon,Submitted,1/24/2025,19,401045.46,OP30,,,,10-Existing,10 -Existing Solution,10 -Focus Business,10 -Reasonable Time,10 -Complete,Updated VO - ACS Devices Only
1/24/2025,Velaris Tower 2 FDAS,,,RLB,Electrification,FDAS,Buildings,CONSTRUCTION,1/24/2025,1/29/2025,DECLINE,CBD,,,,,,,,,,,,,,,,
1/24/2025,Zimmon Industries NCCC Mall Davao BMS,CMRP24020041,2,Zimmon Industries,Automation,BMS,Buildings,CONSTRUCTION,,,GO,LOS,RJR,RJR,Submitted,1/30/2025,17,26442832.07,OP30,,,,8-With Account Champion,3 -No Previous Experience,10 -Core Business,5 -Budgetary,5 -Limited,
1/25/2025,ENTORIA-ORCA 399.8kWp Solar (PPA),CMRP23030049,11,ENTORIA Energy Asia,Electrification,SOLAR,Power,COLD STORAGE,1/25/2025,03/31/2025,GO,JMO,JMO,Partner,Submitted,03/31/2025,20, 18568711.62,OP90,,,,5-New Account No Champion,8 -Need to Customize,8 -Strategic Business,5 -Budgetary,10 -Complete,ENTORIA's send PPA rate to ORCA 15Apr
1/28/2025,MRT7 Station 8 ACS,CMRP25020036,2,NW Steel Technologies Inc,Electrification,ACS,Buildings,CONSTRUCTION,1/30/2025,,GO,CBD,MMR,MMR,Submitted,3/11/2025,27,7446787.38,OP60,,,,,,,,,
1/31/2025,MRT7 S7 LIGHTINGS VO,CMRP22030140VOLIGHTINGS,0,ARAJA,Electrification,FDAS,Buildings,CONSTRUCTION,1/30/2025,1/31/2025,GO,RTR,VIB,SE,Submitted,1/31/2025,39,5750924.77,OP90,,,,10-Existing,10 -Existing Solution,10 -Core Business,7 -Urgent,10 -Complete,
1/31/2025,MRT7 S7 SMALL POWER VO,CMRP22030140VOSMALLPOWER,0,ARAJA,Electrification,FDAS,Buildings,CONSTRUCTION,1/30/2025,1/31/2025,GO,RTR,VIB,SE,Submitted,1/31/2025,38,2498470.96,OP90,,,,10-Existing,10 -Existing Solution,10 -Core Business,7 -Urgent,10 -Complete,
1/31/2025,Holcim Supply of Siemens Contactor,CMRP24120538,0,"Holcim Philippines, Inc.",Electrification,ELECTRICAL,Manufacturing,CEMENT,1/28/2025,1/28/2025,GO,NSG,NSG,NSG,Submitted,1/28/2025,15,93066.60,OP100,1/1/2025,,,10-Existing,10 -Existing Solution,10 -Focus Business,10 -Reasonable Time,10 -Complete,
1/31/2025,URC Sonedco Supply of Proximity Sensor,,,URC SURE,Digitalization,INSTRUMENTATION,Manufacturing,MANUFACTURING,1/27/2025,,DECLINE,NSG,NSG,,,,,,,,,,2-Existing account with No Orders,3 -No Previous Experience,2 -Non Core for Subcon,7 -Urgent,2 -No Data,
1/31/2025,Maxeon Supply of Schneider Analog Input Kit,,,SunPower Philippines Mfg. Ltd.,Digitalization,PLC / SCADA,Manufacturing,MANUFACTURING,1/27/2025,,DECLINE,NSG,NSG,,,,,,,,,,10-Existing,10 -Existing Solution,10 -Core Business,10 -Reasonable Time,10 -Complete,Pending Payment
1/31/2025,URC Supply of Signal Splitter,,,URC SURE,Digitalization,INSTRUMENTATION,Manufacturing,MANUFACTURING,1/30/2025,,DECLINE,NSG,NSG,,,,,,,,,,2-Existing account with No Orders,3 -No Previous Experience,2 -Non Core for Subcon,7 -Urgent,2 -No Data,
1/31/2025,NURC-Cav_Install 60A Ind'l Socket @ HY Sumitomo Hot Runner Controller PR1200015255,CMRP25020040,0,URC BCFG,Electrification,ELECTRICAL,Manufacturing,F&B,1/31/2025,2/11/2025,GO,JMO,CBG,CBG,Submitted,2/14/2025,17,357004.76,LOST,2/1/2025,,,2-Existing account with No Orders,8 -Need to Customize,5 -Peripheral Scope,7 -Urgent,5 -Limited,Late Bid submission
1/31/2025,Rockwell URC Ursumco New Control Installation of Old House Pans 10 & 11 New House Pans 1 2 3 & 4 and Bryant Pans 1 2 3 & 5,CMRP24120536,0,Rockwell,Automation,PLC / SCADA,Manufacturing,F&B,,,GO,RTR,RTR,,Submitted,1/31/2025,,9397553.68,OP30,,,,,,,,,
2/3/2025,URC Passi Supply of Sensors and Transmitters,,,URC SURE,Digitalization,INSTRUMENTATION,Manufacturing,MANUFACTURING,1/31/2025,,DECLINE,NSG,NSG,,,,,,,,,,10-Existing,3 -No Previous Experience,2 -Non Core for Subcon,5 -Budgetary,2 -No Data,
2/3/2025,NCC Maintenance of Line A Fire Detection Alarm System,CMRP25010004,1,​Northern Cement ​Corporation,Electrification,FDAS,Manufacturing,CEMENT,1/28/2025,2/4/2025,GO,NSG,NSG,Partner,,2/5/2025,,,,,,,10-Existing,10 -Existing Solution,10 -Core Business,10 -Reasonable Time,10 -Complete,
2/3/2025,NCC Network Booster Workstation and Additional Annunciator,CMRP25020035,0,​Northern Cement ​Corporation,Electrification,FDAS,Manufacturing,CEMENT,1/28/2025,2/4/2025,GO,NSG,NSG,Partner,Submitted,2/5/2025,30,2317469.96,OP90,,,,10-Existing,10 -Existing Solution,10 -Core Business,10 -Reasonable Time,10 -Complete,"mar31
- awarding on May"
2/5/2025,BWLLI PV Solar Rooftop System,CMRP22070350,4,Bloom with Looms Logistics,Electrification,SOLAR,Manufacturing,MANUFACTURING,2/5/2025,,GO,ISP,ISP,SE,Submitted,3/6/2025,18,5211494.93,OP60,,,,5-New Account No Champion,10 -Existing Solution,8 -Strategic Business,10 -Reasonable Time,5 -Limited,Re-open of New Opportunity from 2022-2023 of Shaye's Acct
2/4/2025,NCC Supply and Delivery of Centralized Maintenance Building Electrical Panels,CMRP24120511,0,Northern Cement Corporation,Electrification,ELECTRICAL,Manufacturing,CEMENT,1/20/2025,2/4/2025,GO,LOS,NSG,NSG,Submitted,2/4/2025,23,1979826.19,OP90,,,,10-Existing,10 -Existing Solution,10 -Core Business,10 -Reasonable Time,10 -Complete,"mar31
Q4 awarding"
2/4/2025,SONEDCO- replacement of SCADA Orion Mx RTU (PR nO. 1200014938),,,URC SURE,Automation,PLC / SCADA,Manufacturing,F&B,2/4/2025,,DECLINE,,,,,,,,,,,,10-Existing,5 -Need External Resource,5 -Peripheral Scope,10 -Reasonable Time,5 -Limited,
2/4/2025,Supply & Installation of Jet fan,CMRP25020033,,Servequest,Electrification,MECHANICAL,Buildings,CONSTRUCTION,,,GO,LOS,MMR,MMR,Submitted,3/4/2025,23,3827970.98,OP60,,,,,,,,,
2/5/2025,Netpac STT BMS Desigo V6 transfer,,,,Automation,BMS,,,,,,,,,,,,,,,,,,,,,,
11/8/2024,Jazeera Paints PCS7 Servers and Clients Upgrade,CMRP24110472,3,Jazeera Paints,Automation,PLC / SCADA,Manufacturing,MANUFACTURING,11/11/2024,,GO,ISP,ISP,SubCon,Submitted,1/24/2025,55,3796118.61,OP60,,,,5-New Account No Champion,10 -Existing Solution,8 -Strategic Business,10 -Reasonable Time,10 -Complete,
3/24/2025,Unilab Amherst Delta BMS Upgrade,CMRP25030093,0,Unilab,Automation,BMS,Manufacturing,PHARMA,3/21/2025,,GO,RTR,EIS,EIS,Submitted,3/21/2025,29,3518123.02,OP60,,,,,,,,,
2/5/2025,Siemens WILMAR Gingoog PCS7 Services,CMRP25020084,1,Siemens,Automation,PLC / SCADA,Manufacturing,F&B,2/4/2025,,GO,RTR,AVR,SubCon,Submitted,3/6/2025,18,3371250.11,Inactive,,,,,,,,,send NDA
2/6/2025,WPI Napsan Palawan Panel Board Supply,CMRP25020038,0,"WHITEPORT, Inc.",Electrification,ELECTRICAL,Buildings,CONSTRUCTION,2/6/2025,2/6/2025,GO,NSG,NSG,Partner,Submitted,2/6/2025,25,669697.08,OP30,,,,8-With Account Champion,10 -Existing Solution,10 -Core Business,10 -Reasonable Time,10 -Complete,
2/7/2025,Isuzu Inventory Management,,,Isuzu Philippines,Digitalization,IT,Manufacturing,MANUFACTURING,2/5/2025,,GO,ISP,ISP,ISP,Not Yet Started,,,,,,,,2-Existing account with No Orders,3 -No Previous Experience,8 -Strategic Business,5 -Budgetary,5 -Limited,
2/5/2025,Siemens WILMAR Roxas PCS7 Services,CMRP25020083,0,Siemens,Automation,PLC / SCADA,Manufacturing,F&B,2/4/2025,,GO,RTR,AVR,SubCon,Submitted,3/6/2025,18,3245632.15,OP60,,,,,,,,,send NDA
3/14/2025,Araja MRT7 Station 7 Minimum Requirement,CMRP25030118,1,ARAJA,Electrification,ELECTRICAL,Buildings,CONSTRUCTION,3/18/2025,3/18/2025,GO,NSG,NSG,SE,Submitted,3/18/2025,44,2875652.05,OP100,3/1/2025,,,10-Existing,10 -Existing Solution,10 -Core Business,10 -Reasonable Time,10 -Complete,
2/7/2025,URC Malvar NSL_Supply & Install Utility Flowmeters,CMRP25020048,2,URC BCFG,Automation,INSTRUMENTATION,Manufacturing,F&B,2/7/2025,2/24/2025,GO,JMO,EIS,Partner,For Revision,2/24/2025,17,40775161.90,OP30,,,,10-Existing,5 -Need External Resource,7 -Core + Peripheral,5 -Budgetary,10 -Complete,"Apr3:
ffup Axis instru quotation RJR"
2/27/2025,URC Pam 1 Conversion & Upgrade of Silo PLC & Desktop PC,CMRP25030095,1,URC BCFG,Automation,PLC / SCADA,Manufacturing,F&B,2/27/2025,3/31/2025,GO,JMO,RJR,RJR,Submitted,3/31/2025,19,2245652.41,OP100,4/1/2025,,,10-Existing,10 -Existing Solution,10 -Core Business,7 -Urgent,10 -Complete,PO# 400159992 10-Apr-2025
02/08/2025,NetPac Globe Davao BMS Programming&Integration Services,CMRP24100453,3,Net Pacific Inc.,Automation,BMS,Buildings,OTHERS,,,GO,RTR,RJR,RJR,Submitted,2/7/2025,48,699800.00,OP100,2/1/2025,,,,,,,,
9/16/2024,Kingsford Hotel Structured Cabling,CMRP24090412,8,Megaworld,Electrification,SCS,Buildings,CONSTRUCTION,09/10/2024,09/25/2024,GO,CBD,MMR,MMR,Submitted,2/4/2025,17,22321428.57,OP100,2/1/2025,,,10-Existing,10 -Existing Solution,8 -Strategic Business,10 -Reasonable Time,10 -Complete,"Jan13: 
- waiting for Megaworld feedback"
02/08/2025,AEGIS SMY CGP Project Labor Services,CMRP25020034,1,Avant Equinox Group Industry Solutions (Aegis) Inc,Automation,PLC / SCADA,Manufacturing,F&B,,,GO,RTR,AVR,MMR,Submitted,2/6/2025,18,9912670.46,OP30,,,,,,,,,
2/10/2025,URC Canl Nips Sprayed Line - Panning Machine PLC System Upgrade (PR1200015565),CMRP25020046,0,URC BCFG,Automation,PLC / SCADA,Manufacturing,F&B,02/10/2025,02/21/2025,GO,JMO,AVR,AVR,Submitted,2/21/2025,20,1363953.45,LOST,4/1/2025,,,10-Existing,10 -Existing Solution,10 -Core Business,5 -Budgetary,5 -Limited,Lost Bid
2/10/2025,URC Canl Nips Peanuts Duonadin AHU Electrical Works ,CMRP25020053,0,URC BCFG,Electrification,ELECTRICAL,Manufacturing,F&B,02/10/2025,02/21/2025,GO,JMO,MMR,MMR,Submitted,2/21/2025,15,1309436.64,LOST,4/1/2025,,,10-Existing,10 -Existing Solution,10 -Core Business,5 -Budgetary,5 -Limited,Lost Bid
7/24/2024,URC ESMO Piatto's Mixer PLC Controls (PR# 1200008744),CMRP24070287,2,URC BCFG,Automation,PLC / SCADA,Manufacturing,F&B,3/18/2025,3/21/2025,GO,JMO,RJR,RJR,Submitted,3/24/2025,17,1963392.85,OP100,4/1/2025,,,10-Existing,10 -Existing Solution,10 -Focus Business,10 -Reasonable Time,10 -Complete,PO# 400142053 10-Apr-2025
2/12/2025,One World Square BMS,CMRP25020078,0,Asia Infinity Property Management,Automation,BMS,Buildings,CONSTRUCTION,2/12/2025,2/27/2025,GO,CBD,RJR,EIS,Submitted,2/27/2025,23,5178571.20,OP30,,,,,,,,,Q4 or 2026
2/12/2025,Paragua Sands Hotel,,,DMCI,Electrification,EE & AUX,Buildings,CONSTRUCTION,2/12/2025,2/21/2025,DECLINE,CBD,,,,,,,,,,,,,,,,
2/12/2025,PMS of Lightning Arrester,,,St. Luke's,Electrification,ELECTRICAL,Buildings,UTILITIES,2/5/2025,2/12/2025,DECLINE,CBD,,,,,,,,,,,,,,,,
1/13/2025,Intellismart Manila Water PLC and Instrumentation,CMRP25010007,1,Intellismart,Automation,PLC / SCADA,Buildings,CONSTRUCTION,1/10/2025,,GO,RTR,RJR,VIB,Submitted,3/13/2025,22,1280230.34,OP60,,,,2-Existing account with No Orders,10 -Existing Solution,7 -Core + Peripheral,5 -Budgetary,5 -Limited,
3/5/2025,Supply & Install Walk Thru Detector & Baggage Scanner for Savoy Hotel,CMRP25030100,0,DDT Konstract,Electrification,EE & AUX,Buildings,CONSTRUCTION,3/5/2025,2/24/2025,GO,JMO,JMO,Partner,Submitted,2/24/2025,21,1364152.50,OP60,,,,5-New Account No Champion,5 -Need External Resource,5 -Peripheral Scope,7 -Urgent,2 -No Data,VP Staff waiting for 3rd Bidder
2/12/2025,The Bellagio Palawan - BMS and EV Charger Supply & Delivery ,CMRP25030116,0,DDT Konstract,Automation,BMS,Buildings,CONSTRUCTION,2/12/2025,3/19/2025,DECLINE,NSG,NSG,Partner,,,20,,,,,,5-New Account No Champion,5 -Need External Resource,7 -Core + Peripheral,5 -Budgetary,5 -Limited,Endorsed to Neil for Supply Only
2/14/2025,URC Pam 2 Supply of Siemens Breaker,CMRP25020043,0,URC BCFG,Electrification,ELECTRICAL,Manufacturing,F&B,2/14/2025,2/14/2025,GO,NSG,NSG,NSG,Submitted,2/14/2025,30,54208.85,OP30,,,,10-Existing,10 -Existing Solution,10 -Core Business,10 -Reasonable Time,10 -Complete,
2/14/2025,URC Binan Cabana Packaging Machine HMI Upgrade,CMRP,0,URC BCFG,Automation,PLC / SCADA,Manufacturing,F&B,2/14/2025,,PENDING,JMO,RJR,Partner,Not Yet Started,,20,,,,,,10-Existing,10 -Existing Solution,10 -Core Business,10 -Reasonable Time,2 -No Data,23April: CAPEX for approval per Sir Chris Manikat
2/14/2025,URC Binan Assessment of Existing FDAS,CMRP,0,URC BCFG,Electrification,FDAS,Manufacturing,F&B,2/14/2025,,PENDING,JMO,ISP,Partner,Not Yet Started,,20,,,,,,10-Existing,8 -Need to Customize,5 -Peripheral Scope,5 -Budgetary,2 -No Data,23Apr: Cris Manikat requests for Sample SoW/BoM for PR
2/17/2025,URSUMCO PR#1000115722 ;1000114198 ;1200012429 ; 1200002825,,,URC SURE,Electrification,ELECTRICAL,Manufacturing,F&B,2/10/2025,,DECLINE,NSG,NSG,NSG,,,,,,,,,2-Existing account with No Orders,3 -No Previous Experience,2 -Non Core for Subcon,5 -Budgetary,5 -Limited,
2/17/2025,BAIS DIS PR#1000115722 ;1000114198 ;1200012429 ; 1200002825,,,URC SURE,Electrification,ELECTRICAL,Manufacturing,F&B,2/10/2025,,DECLINE,NSG,NSG,NSG,,,,,,,,,2-Existing account with No Orders,3 -No Previous Experience,2 -Non Core for Subcon,5 -Budgetary,5 -Limited,
2/17/2025,PASSI PR#1000111983 - Transmitter,,,URC SURE,Automation,INSTRUMENTATION,Manufacturing,F&B,2/14/2025,,DECLINE,NSG,NSG,NSG,,,,,,,,,2-Existing account with No Orders,3 -No Previous Experience,2 -Non Core for Subcon,5 -Budgetary,5 -Limited,
2/17/2025,URSUMCO PR#1200014292 ; 1200014426 ; 1200014512 ; 1200014513 - VFD and Transformers,CMRP25020044,1,URC SURE,Electrification,ELECTRICAL,Manufacturing,F&B,2/12/2025,2/20/2025,GO,NSG,NSG,NSG,Submitted,2/20/2025,15,9845567.29,OP30,,,,10-Existing,10 -Existing Solution,8 -Strategic Business,10 -Reasonable Time,10 -Complete,
2/17/2025,URC SONEDCO PR #1000104836 - Softstarter,CMRP25020045,0,URC SURE,Electrification,ELECTRICAL,Manufacturing,F&B,2/12/2025,2/20/2025,GO,NSG,NSG,NSG,Submitted,2/19/2025,25,109333.13,OP30,,,,10-Existing,10 -Existing Solution,8 -Strategic Business,10 -Reasonable Time,10 -Complete,
1/24/2025,FBI Servequest Office Project FDAS,,0,Forthright Builders Inc.,Electrification,EE & AUX,Buildings,OTHERS,1/24/2025,,GO,LOS,CBG,Partner,Submitted,02/13/2025,35,274734.56,OP30,,,,5-New Account No Champion,10 -Existing Solution,10 -Core Business,7 -Urgent,5 -Limited,
1/24/2025,FBI Serveuest Office Project Boom Barrier,,0,Forthright Builders Inc.,Electrification,EE & AUX,Buildings,OTHERS,1/24/2025,,GO,LOS,CBG,Partner,Submitted,02/13/2025,30,500750.08,OP30,,,,5-New Account No Champion,10 -Existing Solution,10 -Core Business,7 -Urgent,5 -Limited,
2/17/2025,SCADA Preventive Maintenance,,,ACEN,Automation,PLC / SCADA,Power,POWER PLANT,2/17/2025,,DECLINE,CBD,RJR,DS,,,,,,,,,,,,,,Too long to quote 
2/17/2025,FujiHaya SM Fairview Power Metering System -OptionA,CMRP25020065A,0,FujiHaya,Automation,INSTRUMENTATION,Buildings,CONSTRUCTION,2/13/2025,,GO,CBD,AVR,Partner,Submitted,3/6/2025,20,745154.95,OP30,,,,,,,,,
2/17/2025,FujiHaya SM Fairview Power Metering System -OptionB,CMRP25020065B,0,FujiHaya,Automation,INSTRUMENTATION,Buildings,CONSTRUCTION,2/13/2025,,GO,CBD,AVR,Partner,Submitted,3/6/2025,,,OP30,,,,,,,,,
2/17/2025,PrimeHouse MEPFS,,,Archipelago Builders Corporation,Electrification,EE & AUX,Buildings,CONSTRUCTION,2/14/2025,2/19/2025,DECLINE,CBD,,,,,,,,,,,,,,,,
2/17/2025,Kingsford Power & Lightning,,,Megaworld,Electrification,ELECTRICAL,Buildings,CONSTRUCTION,2/12/2025,2/17/2025,DECLINE,CBD,,,,,,,,,,,,,,,,
2/17/2025,World Finance Plaza FDAS,CMRP24010018,1,Asia Infinity Property Management,Electrification,FDAS,Buildings,CONSTRUCTION,2/17/2025,2/18/2025,GO,CBD,RJR,,Submitted,2/19/2025,20,420736.32,OP30,,,,,,,,,
2/17/2025,URC San Pedro-1 Rehab of Waste Water Control Panel 1,CMRP25020054,0,URC BCFG,Electrification,ELECTRICAL,Manufacturing,F&B,2/17/2025,2/26/2025,GO,JMO,CBG,CBG,Submitted,2/26/2025,20,576972.09,OP30,,,,10-Existing,10 -Existing Solution,10 -Focus Business,7 -Urgent,5 -Limited,20-Feb F2F Pre-Bid attended by RJ
2/17/2025,NCC Maintenance of Line A Fire Detection Alarm System,CMRP25010004,2,​Northern Cement ​Corporation,Electrification,FDAS,Manufacturing,CEMENT,2/17/2025,2/17/2025,GO,NSG,NSG,NSG,Submitted,2/17/2025,21,2144924.02,OP90,,,,10-Existing,10 -Existing Solution,10 -Core Business,10 -Reasonable Time,10 -Complete,"mar31
- April awarding"
7/24/2024,URC ESMO Marlen Extruder PLC Upgrade (PR#1200009601),CMRP24070290,2,URC BCFG ,Automation,PLC / SCADA,Manufacturing,F&B,06/06/2024,2/18/2025,GO,JMO,RJR,Partner,Submitted,3/21/2025,15,842273.16,LOST,3/1/2025,,,10-Existing,10 -Existing Solution,10 -Focus Business,10 -Reasonable Time,10 -Complete,SSW18Feb2025 HOLD BY END_USER
2/18/2025,Two Techno Place Additional CCTV Cameras,CMRP25030122,3,Asia Infinity Property Management,Automation,CCTV,Buildings,CONSTRUCTION,2/18/2025,4/7/2025,GO,CBD,AVR,Partner,Submitted,4/21/2025,20,1133928.57,OP60,,,,,,,,,"Apr10:
- Submitted for update"
2/19/2025,Manila Water Supply of Fluke 1630,CMRP25020050,0,Manila Water Philippines Venture,Digitalization,INSTRUMENTATION,Buildings,UTILITIES,2/18/2025,2/20/2025,GO,NSG,NSG,Partner,Submitted,2/19/2025,25,566065.58,OP30,,,,8-With Account Champion,8 -Need to Customize,10 -Focus Business,7 -Urgent,10 -Complete,
2/19/2025,Manila Water Supply of VFD,CMRP25020051,0,Manila Water Philippines Venture,Electrification,ELECTRICAL,Buildings,UTILITIES,2/18/2025,,GO,NSG,NSG,Partner,Submitted,2/25/2025,20,990632.39,OP30,,,,8-With Account Champion,8 -Need to Customize,10 -Focus Business,7 -Urgent,10 -Complete,
2/19/2025,BBP Supply and Installation of CB and Lugs,CMRP25020052,0,BBP,Electrification,ELECTRICAL,Buildings,CONSTRUCTION,2/19/2025,2/19/2025,GO,NSG,NSG,SE,Submitted,2/19/2025,41,20594.08,OP100,3/1/2025,,,10-Existing,10 -Existing Solution,10 -Core Business,7 -Urgent,10 -Complete,
2/19/2025,Westgate Bosch FDAS,CMRP25040158,0,Reytech Construction and Development Corporation,Electrification,FDAS,Manufacturing,CONSTRUCTION,2/19/2025,,GO,CBD,CBG,SE,Submitted,4/7/2025,20,3415079.11,LOST,,,,,,,,,"Apr3:
- to submit within day
- NSG provided products costing CBG for labor"
2/19/2025,PASSI Assess & Repair ASSENWARE FDAS (PR 1000128249),CMRP,0,URC SURE,Electrification,FDAS,Manufacturing,F&B,2/19/2025,2/26/2025,DECLINE,JMO,,Partner,,,20,,,,,,10-Existing,5 -Need External Resource,5 -Peripheral Scope,5 -Budgetary,2 -No Data,
3/3/2025,NCC Hamme Mill 1 To LST Pulverizer Automation,CMRP25030096,0,NCC,Automation,PLC / SCADA,Manufacturing,CEMENT,2/18/2025,3/5/2025,GO,LOS,RJR,SubCon,Submitted,4/2/2025,15,876613.20,OP90,,,,,,,,,"Apr14:
- discount 1 to be able to attain Client budget for PO Prep"
2/20/2025,Pam 1 Bakery Line PMS of Cummins GenSet #5 (PR1000130020),CMRP25020066,0,URC BCFG,Electrification,ELECTRICAL,Manufacturing,F&B,2/20/2025,2/27/2025,GO,JMO,CBG,Partner,Submitted,,15,269690.07,LOST,4/1/2025,,,10-Existing,5 -Need External Resource,2 -Non Core for Subcon,5 -Budgetary,5 -Limited,Lost to MADOCS (CCL equipment Supplier
2/20/2025,Pam 1 Bakery Line PMS of Detroit GenSet #4 (PR 1000130014 ),,0,URC BCFG,Electrification,ELECTRICAL,Manufacturing,F&B,2/20/2025,2/27/2025,DECLINE,JMO,CBG,Partner,,,15,,,,,,10-Existing,5 -Need External Resource,2 -Non Core for Subcon,10 -Reasonable Time,5 -Limited,Site assessed by RUA: Detroit Genset not working
2/20/2025,Pam 1 Confec Radiator OH & PMS of Caterpillar GenSet #3 (PR1000130004),CMRP25020067,0,URC BCFG,Electrification,ELECTRICAL,Manufacturing,F&B,2/20/2025,2/27/2025,GO,JMO,CBG,Partner,Submitted,,15,477819.71,LOST,4/1/2025,,,10-Existing,5 -Need External Resource,2 -Non Core for Subcon,10 -Reasonable Time,5 -Limited,Lost to MADOCS (CCL equipment Supplier
2/20/2025,Pam 1 Confec PMS of Caterpillar GenSet # 2 (PR 1000130003),CMRP25020068,0,URC BCFG,Electrification,ELECTRICAL,Manufacturing,F&B,2/20/2025,2/27/2025,GO,JMO,CBG,Partner,Submitted,,15,269690.07,LOST,4/1/2025,,,10-Existing,5 -Need External Resource,2 -Non Core for Subcon,10 -Reasonable Time,5 -Limited,Lost to MADOCS (CCL equipment Supplier
2/20/2025,Pam 1 Confec Radiator OH & PMS of Caterpillar GenSet # 1 (PR1000129998),CMRP25020069,0,URC BCFG,Electrification,ELECTRICAL,Manufacturing,F&B,2/20/2025,2/27/2025,GO,JMO,CBG,Partner,Submitted,,15,342554.13,LOST,4/1/2025,,,10-Existing,5 -Need External Resource,2 -Non Core for Subcon,10 -Reasonable Time,5 -Limited,Lost to MADOCS (CCL equipment Supplier
2/20/2025,Pam 1 Bakery Plant A PM of Transformer & MVSG (PR 1000127525),CMRP25020070,0,URC BCFG,Electrification,ELECTRICAL,Manufacturing,F&B,2/20/2025,,DECLINE,JMO,CBG,Partner,,,15,,,,,,10-Existing,5 -Need External Resource,2 -Non Core for Subcon,10 -Reasonable Time,5 -Limited,Site assessed but declined by RUA
2/20/2025,Pam 1 Bakery Plant B PM of Transformer & MVSG (PR 1000127786 ),CMRP25020071,0,URC BCFG,Electrification,ELECTRICAL,Manufacturing,F&B,2/20/2025,,DECLINE,JMO,CBG,Partner,,,15,,,,,,10-Existing,5 -Need External Resource,2 -Non Core for Subcon,10 -Reasonable Time,5 -Limited,Site assessed but declined by RUA
2/7/2025,Amherst CMMS,,0,Amherst Laboratories Inc.,Digitalization,IT,Manufacturing,MANUFACTURING,1/31/2025,,GO,ISP,ISP,ISP,Submitted,2/21/2025,53,1221240.00,OP60,,,,2-Existing account with No Orders,3 -No Previous Experience,8 -Strategic Business,5 -Budgetary,5 -Limited,
2/21/2025,Northwin Cable wires,,0,Megaworld,Electrification,ELECTRICAL,Buildings,CONSTRUCTION,2/20/2025,,,NSG,NSG,Partner,Submitted,2/24/2025,,31663.44,OP30,,,,,,,,,
2/21/2025,NURC Tarlac_SCADA Monitoring for Oil and Steam,CMRP,0,URC BCFG,Automation,PLC / SCADA,Manufacturing,F&B,2/21/2025,,PENDING,JMO,RJR,DS,Submitted,,20,,,,,,10-Existing,10 -Existing Solution,10 -Core Business,10 -Reasonable Time,5 -Limited,"BoM turned over by TJ to RJ 04-Apr
- For Submittal today: Apr 24"
2/21/2025,NURC Tarlac _Automated Oil Refill for Cooker,CMRP25040188,1,URC BCFG,Automation,INSTRUMENTATION,Manufacturing,F&B,2/21/2025,,GO,JMO,RJR,EIS,Submitted,,25,3571179.28,OP60,,,,10-Existing,10 -Existing Solution,8 -Strategic Business,10 -Reasonable Time,5 -Limited,For RJ's approval as of 24April
2/21/2025,NUR Cavite_S&I Door Interlock of 5-Hoists,CMRPP25020073,0,URC BCFG,Electrification,ELECTRICAL,Manufacturing,F&B,2/21/2025,3/5/2025,GO,JMO,CBG,CBG,Submitted,3/6/2025,17,524980.85,LOST,4/1/2025,,,10-Existing,8 -Need to Customize,5 -Peripheral Scope,5 -Budgetary,5 -Limited,Lost Bid; Offered same failing technology
2/22/2025,NothHill CCTV Lamp Post,CMRP24080297,,Megaworld,Electrification,ELECTRICAL,Buildings,CONSTRUCTION,12/12/2024,,GO,CBD,MMR,,Submitted,3/20/2025,,330357.14,OP90,,,,,,,,,"mar31
- waiting for PO actual status:delivered"
2/5/2025,BWLLI Electrical Improvement Ciruit Breaker,,0,Bloom with Looms Logistics,Electrification,ELECTRICAL,Manufacturing,MANUFACTURING,2/5/2025,,GO,ISP,CBG,SE,Submitted,3/6/2025,18,1159228.95,OP60,,,,5-New Account No Champion,10 -Existing Solution,10 -Core Business,10 -Reasonable Time,5 -Limited,
2/24/2025,URC AIG Antipolo Electrical & FDAS System Wet Pet Food Plant at Hatchery,CMRP25030109,0,URC AIG,Electrification,EE & AUX,Manufacturing,F&B,2/21/2025,3/7/2025,GO,JMO,CBG,Partner,For Approval,4/28/2025,19,5161075.83,OP30,,,,10-Existing,8 -Need to Customize,8 -Strategic Business,5 -Budgetary,5 -Limited,"Ian Waiting SubCon Offer
- for submission today
Apr10:
-waiting PM5100 powermeter
Apr24:
- for approval today"
2/24/2025,URC BALAYAN PR#1200015711 - ProgrammerIndusSiemens Field PG M6 Adv,CMRP25020056,0,URC SURE,Automation,PLC / SCADA,Manufacturing,F&B,2/19/2025,2/26/2025,GO,NSG,NSG,NSG,Submitted,2/25/2025,20,866411.44,OP30,,,,10-Existing,10 -Existing Solution,10 -Core Business,10 -Reasonable Time,10 -Complete,
2/24/2025,URSUMCO PR#1000132532 - Transmitters,,,URC SURE,Automation,INSTRUMENTATION,Manufacturing,F&B,2/20/2025,2/27/2025,DECLINE,NSG,NSG,NSG,,,,,,,,,10-Existing,5 -Need External Resource,2 -Non Core for Subcon,7 -Urgent,5 -Limited,
2/24/2025,RFQ - PR C-00295 AUXILIARY WIRE FOR NGC BPO TOWER 1 (BULACAN),CMRP25020057,0,Megaworld,Automation,FDAS,Buildings,CONSTRUCTION,2/20/2025,2/24/2025,GO,NSG,NSG,NSG,Submitted,2/24/2025,40,31663.44,OP30,,,,10-Existing,10 -Existing Solution,8 -Strategic Business,10 -Reasonable Time,10 -Complete,
2/24/2025,MServ Supply and Delivery of Schneider HV Switchgear,CMRP25020058,,"Meralco Energy, Inc.",Electrification,ELECTRICAL,Power,UTILITIES,2/20/2025,,DECLINE,NSG,NSG,NSG,,,,,,,,,10-Strategic,8 -Need to Customize,8 -Strategic Business,5 -Budgetary,2 -No Data,Not responsive
2/24/2025,MServ Supply and Delivery of GCB 1600A Main,CMRP25020059,,"Meralco Energy, Inc.",Electrification,ELECTRICAL,Power,UTILITIES,2/20/2025,,DECLINE,NSG,NSG,NSG,,,,,,,,,10-Existing,8 -Need to Customize,8 -Strategic Business,5 -Budgetary,2 -No Data,Not responsive
2/24/2025,PASSI PR#1000122014 - Solenoid Valve,,,URC SURE,Automation,INSTRUMENTATION,Manufacturing,F&B,2/22/2025,3/1/2025,DECLINE,NSG,NSG,NSG,,,,,,,,,5-New Account No Champion,5 -Need External Resource,2 -Non Core for Subcon,7 -Urgent,2 -No Data,
1/7/2025,Petron Pandacan Manual Filling B PLC and HMI Upgrade,CMRP25010001,0,Petron,Automation,PLC / SCADA,Power,OIL & GAS,1/7/2025,1/7/2025,GO,RTR,VIB,SubCon,Submitted,1/7/2025,15,491071.09,OP60,,,,10-Existing,10 -Existing Solution,10 -Core Business,10 -Reasonable Time,10 -Complete,For Subcon DotX
2/24/2025,Aboitiz TMO EcoStruxure Control Expert XL License,CMRP25030099,0,Aboitiz,Digitalization,PLC / SCADA,Power,POWER PLANT,2/13/2025,3/11/2025,GO,RTR,RJR,Partner,Submitted,2/20/2025,17,250000.00,OP100,3/1/2025,,,,,,,,
2/24/2025,Amherst Supply and Installation of MES/PCS Workstations Booth,,,Unilab,Digitalization,MECHANICAL,Manufacturing,PHARMA,2/17/2025,,DECLINE,RTR,RJR,Partner,,,,,,,,,,,,,,waiting for Difsys quotation
2/12/2025,URC Pam 2_ Boiler PLC and CPU Upgrade (RFP by Sir Errol),CMRP25020047,0,URC BCFG,Automation,PLC / SCADA,Manufacturing,F&B,2/12/2025,,GO,JMO,RJR,RJR,Submitted,,33,434910.71,OP100,4/1/2025,,,10-Existing,10 -Existing Solution,10 -Core Business,7 -Urgent,5 -Limited,PO#  400159505 08-April-2025
2/24/2025,TMI M2: CYLINDER PRESSURE SENSOR (PR 140002707),CMRP25020063,0,Aboitiz,Automation,INSTRUMENTATION,Power,POWER PLANT,2/24/2025,2/25/2025,GO,NSG,NSG,Partner,Submitted,2/25/2025,49,237230.22,OP100,4/1/2025,,,10-Existing,10 -Existing Solution,10 -Focus Business,10 -Reasonable Time,10 -Complete,PO_150002098_0 15-April-2025
2/24/2025,URC Canlubang SI & Relocate Elec'l CCTV & Lighting System,CMRP25030094,0,URC BCFG,Electrification,ELECTRICAL,Manufacturing,F&B,2/24/2025,3/4/2025,GO,JMO,CBG,Partner,Submitted,3/4/2025,20,3110556.87,OP60,,,,10-Existing,3 -No Previous Experience,5 -Peripheral Scope,5 -Budgetary,2 -No Data,25April; For SSW
2/24/2025,Laguna Water Rehab of Mobile Water Treatment Plant,CMRP,0,Manila Water Phil. Ventures,Electrification,MECHANICAL,Buildings,UTILITIES,2/24/2025,,GO,JMO,JMO,Partner,Not Yet Started,,20,,,,,,5-New Account No Champion,3 -No Previous Experience,2 -Non Core for Subcon,7 -Urgent,5 -Limited,"21Apr: Budgeted @3.5M WINFRA to generate 2 Offers
Apr24:
- waiting for Twinfra qtn"
2/25/2025,Megaworld Savoy Hotel Palawan,,,DMCI,Electrification,EE & AUX,Buildings,CONSTRUCTION,2/18/2025,,DECLINE,CBD,,,,,,,,,,,,,,,,
2/25/2025,Megaworld Bellagio Palawan,,,DMCI,Electrification,EE & AUX,Buildings,CONSTRUCTION,2/18/2025,,DECLINE,CBD,,,,,,,,,,,,,,,,
2/25/2025,URC CARSUMCO PR No. 1000104638 - Pneumatic Actuator,,,URC SURE,Automation,INSTRUMENTATION,Manufacturing,F&B,2/25/2025,,DECLINE,NSG,NSG,NSG,,,,,,,,,10-Existing,3 -No Previous Experience,2 -Non Core for Subcon,7 -Urgent,2 -No Data,
2/25/2025,NURC Cavite UPS Activation at Production Line Control Panel,CMRP25020075,0,URC BCFG,Electrification,EE & AUX,Manufacturing,F&B,2/24/2025,3/6/2025,GO,JMO,CBG,Partner,Submitted,3/6/2025,20,424317.22,LOST,4/1/2025,,,10-Existing,10 -Existing Solution,10 -Core Business,10 -Reasonable Time,5 -Limited,23Apr: Lost Bid; Price issue
2/26/2025,DDT House of Representative Secretariat Bldg Auxillary ,CMRP,0,DDT Konstract,Automation,FDAS,Buildings,CONSTRUCTION,2/26/2025,3/12/2025,GO,JMO,CBG,Partner,No Decision Yet,,20,,,,,,5-New Account No Champion,10 -Existing Solution,10 -Focus Business,5 -Budgetary,10 -Complete,"Pending Focals Quantified BoM
Apr10:
- advise for decline RJR
Apr24:
-package without qtn please proceed as no qoute"
2/27/2025,LC DIS PR#1200015861 ;1200015860 ;1000132592 ;1000132591 - ACB and Breaker Siemens,CMRP25020081,0,URC SURE,Electrification,ELECTRICAL,Manufacturing,F&B,2/26/2025,3/5/2025,GO,NSG,NSG,Partner,Submitted,2/28/2025,15,,,,,,10-Existing,10 -Existing Solution,10 -Core Business,10 -Reasonable Time,10 -Complete,
2/27/2025,BBP Festive Relocation of Power Supply,CMRP25020079,0,BBP,Electrification,ELECTRICAL,Buildings,CONSTRUCTION,2/27/2025,,GO,NSG,NSG,SE,Submitted,2/28/2025,29,88446.75,LOST,,,,10-Existing,10 -Existing Solution,10 -Core Business,10 -Reasonable Time,10 -Complete,
9/27/2024,UGC CMMS Lightweight MES,CMRP24060230,2,UGC,Digitalization,IT,Manufacturing,MANUFACTURING,9/27/2024,,GO,ISP,ISP,ISP,Submitted,9/17/2024,,643200.00,OP60,,,,10-Strategic,8 -Need to Customize,8 -Strategic Business,10 -Reasonable Time,10 -Complete,
2/27/2025,URC San Pedro 2_ PM of 8 units Transformers (PR1000134285),CMRP,0,URC BCFG,Electrification,ELECTRICAL,Manufacturing,F&B,2/20/2025,3/15/2025,DECLINE,JMO,JMO,Partner,,,15,,,,,,10-Existing,5 -Need External Resource,2 -Non Core for Subcon,10 -Reasonable Time,5 -Limited,
2/28/2025,BBP Ascott Installation of New VFD,CMRP25020086,0,BBP,Electrification,ELECTRICAL,Buildings,CONSTRUCTION,2/28/2025,,GO,NSG,NSG,SE,Submitted,2/28/2025,31,17857.14,Inactive,,,,10-Existing,10 -Existing Solution,10 -Core Business,10 -Reasonable Time,10 -Complete,
3/1/2025,PGH Phase 3 BMS,CMRP24020062,6,DMCI,Automation,BMS,Buildings,CONSTRUCTION,,,GO,CBD,EIS,EIS,Submitted,4/22/2025,23,26695436.61,OP60,,,,,,,,,"Apr3:
- SLD Points List finalize
- schedule review with TJ tom afternoon
Apr7:
- submit the one with assumption of FCU controller (Today)
Apr14:
-Review latest revision 19M VAT-EX"
2/12/2025,URC Cal 2 S&I Steam Power Metering (RFP by Sir Elmer dela Cruz),CMRP25020049,2,URC BCFG,Automation,PLC / SCADA,Manufacturing,F&B,2/12/2025,3/6/2025,GO,JMO,RJR,DS,Submitted,3/24/2025,32,399966.00,OP60,,,,10-Existing,10 -Existing Solution,10 -Focus Business,10 -Reasonable Time,5 -Limited,15Apr: Rev3 offer on Priority List per Sir Elmer
3/3/2025,Forthright MCEP Supply Delivery and Testing of Fans and Blowers,CMRP25020080,1,Forthright Builders Inc.,Electrification,MECHANICAL,Buildings,CONSTRUCTION,,3/27/2025,GO,LOS,CBG,Partner,Submitted,3/6/2025,22,558318.07,OP30,,,,,,,,,
3/3/2025,Aboitiz TMO Transformer Assesment,,,Aboitiz,Electrification,ELECTRICAL,Power,POWER PLANT,2/27/2025,3/3/2025,DECLINE,RTR,,SubCon,,,,,,,,,,,,,,to followup transformer details
3/3/2025,Aboitiz TMI M2 UPGRADE OF PROTECTION RELAY FOR SEL700G,,,Aboitiz,Electrification,,,,2/28/2025,3/7/2025,DECLINE,RTR,,SubCon,,,,,,,,,,,,,,
1/6/2025,Warehouse Freezer Additional Temp,CMRP24120528,1,ST Microelectronics,Automation,PLC / SCADA,Manufacturing,SEMICON,,,GO,CBD,RJR,DS,For Revision,1/6/2025,25,179670.21,OP90,,,,10-Existing,10 -Existing Solution,10 -Core Business,10 -Reasonable Time,10 -Complete,"Apr07:
- Rayzen updated BOM last Apr 4 for revision
Apr24:
-Final bom from Rayzen to submit Apr25"
1/7/2025,URC Pamp 2 Boiler Support,CMRP25020062,0,URC BCFG,Digitalization,PLC / SCADA,Manufacturing,F&B,2/21/2025,,GO,JMO,RJR,DS,For Revision,2/25/2025,,113770.45,Inactive,,,,10-Existing,10 -Existing Solution,10 -Core Business,7 -Urgent,10 -Complete,Completed 21-Feb; Justified 400k Instead
3/3/2025,ULI Capacitor bank at LVSG 4,CMRP25020077,0,ULI,Electrification,ELECTRICAL,Manufacturing,PHARMA,,,GO,RTR,ASB,MMR,Submitted,3/28/2025,17,1199984.19,LOST,4/1/2025,,,,,,,,
3/3/2025,LC DIS PR#1200015861 ;1200015860 ;1000132592 ;1000132591 - ACB and Breaker Siemens,CMRP25020081,1,URC SURE,Electrification,ELECTRICAL,Manufacturing,MANUFACTURING,3/3/2025,3/10/2025,GO,NSG,NSG,Partner,Submitted,3/10/2025,19,,,,,,10-Existing,10 -Existing Solution,5 -Peripheral Scope,7 -Urgent,5 -Limited,
3/4/2025,Riviera Replacement of VFD Sumitomo,CMRP25030090,0,"Riviera Golf Club, Inc.",Electrification,ELECTRICAL,Buildings,OTHERS,3/4/2025,,GO,NSG,NSG,SubCon,Submitted,3/4/2025,5,112857.14,OP100,4/1/2025,,,10-Existing,10 -Existing Solution,8 -Strategic Business,10 -Reasonable Time,10 -Complete,
3/4/2025,PASSI - Level Transmitter,,,URC SURE,Automation,INSTRUMENTATION,Manufacturing,F&B,3/4/2025,,DECLINE,NSG,NSG,Partner,,,,,,,,,2-Existing account with No Orders,3 -No Previous Experience,2 -Non Core for Subcon,5 -Budgetary,2 -No Data,
3/4/2025,The Farm at San Benito Siemens FDAS,CMRP25030119,0,The Farm at San Benito,Electrification,FDAS,Buildings,OTHERS,3/4/2025,,DECLINE,NSG,,SubCon,,,,,,,,,10-Strategic,10 -Existing Solution,10 -Focus Business,10 -Reasonable Time,5 -Limited,
3/4/2025,Pam 1 Electrical Install'n of Power Feeder Supply for Roof Exhaust Drive Motor  (PRPR 1000133236),CMRP25030106,0,URC BCFG,Electrification,EE & AUX,Manufacturing,F&B,3/4/2025,3/11/2025,GO,JMO,JMO,CBG,Submitted,3/11/2025,19,890679.63,LOST,4/1/2025,,,10-Existing,8 -Need to Customize,8 -Strategic Business,7 -Urgent,5 -Limited,Lost to MHECO
3/5/2025,Rockwell Nepo Pamp EE Supply and Installation,CMRP25020064,2,Applied Thermal Technology Solution Corporation,Electrification,ELECTRICAL,Buildings,CONSTRUCTION,3/5/2025,3/7/2025,GO,CBD,RJR,RJR,Submitted,3/27/2025,20,13640326.53,OP30,,,,,,,,,
3/5/2025,Maple Grove CCTV,CMRP25030117,3,Megaworld,Electrification,CCTV,Buildings,CONSTRUCTION,3/4/2025,3/14/2025,GO,CBD,AVR,Partner,Submitted,4/25/2025,20,6026785.71,OP30,,,,,,,,,April 10: need to update status already submitted
3/5/2025,Siemens Dole Polomok PLC,CMRP25020085,2,Siemens,Automation,PLC / SCADA,Manufacturing,F&B,2/28/2025,3/14/2025,GO,RTR,EIS,EIS,Submitted,3/13/2025,30,1553245.74,OP30,,,,,,,,,
11/11/2024,Jazeera Paints HLRA Cybersecurity Consultancy (Remote KSA),CMRP24110470,1,Jazeera Paints,Digitalization,IT,Manufacturing,MANUFACTURING,11/11/2024,,GO,ISP,ISP,SubCon,Submitted,1/24/2025,23,405901.80,OP60,,,,5-New Account No Champion,10 -Existing Solution,8 -Strategic Business,10 -Reasonable Time,10 -Complete,
3/6/2025,QC Secretariat Supply Deliver & Installation of Electrical & Auxiliary Works,CMRP,0,"WHITEPORT, Inc.",Electrification,EE & AUX,Buildings,CONSTRUCTION,3/6/2025,3/17/2025,GO,JMO,MMR,Partner,Not Yet Started,,20,,,,,,5-New Account No Champion,10 -Existing Solution,8 -Strategic Business,10 -Reasonable Time,10 -Complete,"Apr3:
- DAHUA account-driven
- need checking
Apr24:
-package without qtn please proceed as no qoute"
3/7/2025,Dept. Of Finance BMS Preventive Maintenance,CMRP,0,RUA Energia,Automation,BMS,Buildings,OTHERS,3/7/2025,,PENDING,JMO,RJR,RJR,Not Yet Started,,15,,,,,,5-New Account No Champion,3 -No Previous Experience,8 -Strategic Business,10 -Reasonable Time,5 -Limited,"Pending end-users provision of requested info 
Apr3
- pending from enduser"
3/7/2025,PASSI_FDAS & Fire Suppression System @ Boiler No.5 (PR 1200015592),CMRP,0,URC SURE,Electrification,FDAS,Manufacturing,F&B,3/7/2025,3/14/2025,DECLINE,JMO,CBG,Partner,,,,,,,,,10-Existing,8 -Need to Customize,5 -Peripheral Scope,7 -Urgent,2 -No Data,
3/10/2025,Forthright Builders Servequest Ofc AUX,CMRP25020082,1,Forthright Builders Inc.,Electrification,EE & AUX,Buildings,CONSTRUCTION,,,GO,LOS,RJR,Partner,Submitted,3/7/2025,22,2753432.27,OP30,,,,,,,,,
3/10/2025,MRT Station 6 Labor Roughing ins,CMRP25030091,0,Grand Apex Construction Inc.,Electrification,EE & AUX,Buildings,CONSTRUCTION,,,GO,NSG,MMR,MMR,Submitted,3/7/2025,26,698377.68,OP30,,,,10-Existing,10 -Existing Solution,10 -Core Business,10 -Reasonable Time,10 -Complete,
3/10/2025,Netpac FNG Uniqlo Warehouse BMS Project,CMRP25030105,0,"Net Pacific, Inc.",Automation,BMS,Buildings,CONSTRUCTION,3/5/2025,,GO,RTR,EIS,EIS,Submitted,3/11/2025,25,8481478.54,OP30,,,,,,,,,
3/10/2025,VMCI WinCC Server Upgrade,,0,"Victorias Milling Company, Inc.",Automation,,,,2/26/2025,,DECLINE,LOS,RJR,RJR,,,,,,,,,,,,,,
3/10/2025,Pilmico Tarlac PLC Spare parts Testing,,0,Pilmico,Automation,PLC / SCADA,Manufacturing,F&B,2/7/2025,,GO,RTR,EIS,EIS,On-Going,,,,,,,,,,,,,
3/10/2025,Aboitiz TMO M5 Common PLC Upgrade,CMRP25030092,0,Aboitiz,Automation,PLC / SCADA,Power,POWER PLANT,3/6/2025,,GO,RTR,AVR,DS,Submitted,3/31/2025,21,4318196.14,OP90,,,,,,,,,
3/10/2025,Richmonde FDAS Rehab,CMRP25030101,0,Asia Infinity Property Management,Electrification,FDAS,Buildings,CONSTRUCTION,3/6/2025,3/11/2025,GO,CBD,MMR,DS,Submitted,3/18/2025,20,1300958.95,OP30,,,,,,,,,
2/12/2025,LBI Supply of TRS 230V Relay,CMRP25020039,1,"LBI Philippines, Inc",Automation,PLC / SCADA,Buildings,OTHERS,2/12/2025,2/12/2025,GO,NSG,NSG,NSG,Submitted,2/12/2025,25,79787.53,Inactive,,,,10-Existing,10 -Existing Solution,10 -Core Business,10 -Reasonable Time,10 -Complete,
3/10/2025,URC SURE Supply of Pressure Transmitter,,,URC SURE,Automation,INSTRUMENTATION,Manufacturing,F&B,3/10/2025,,DECLINE,NSG,,,,,,,,,,,10-Existing,5 -Need External Resource,2 -Non Core for Subcon,5 -Budgetary,2 -No Data,
3/10/2025,URC San Pedro 1_ Installation of  5-unit High Bay Lamp at DC Warehouse,CMRP,0,URC BCFG,Electrification,ELECTRICAL,Manufacturing,F&B,3/10/2025,,DECLINE,JMO,CBG,Partner,No Decision Yet,,20,,,,,,10-Existing,5 -Need External Resource,5 -Peripheral Scope,7 -Urgent,5 -Limited,
3/10/2025,NURC Tarlac_ PM of Transformers (PR PR 1300001491) March 22 Execution,CMRP,0,URC BCFG,Electrification,ELECTRICAL,Manufacturing,F&B,3/10/2025,3/15/2025,DECLINE,JMO,CBG,Partner,,,20,,,,,,8-With Account Champion,5 -Need External Resource,2 -Non Core for Subcon,7 -Urgent,5 -Limited,
3/11/2025,LC DIS PR#1200015861 ;1200015860 ;1000132592 ;1000132591 - ACB and Breaker Siemens,CMRP25020081,2,URC SURE,Electrification,ELECTRICAL,Manufacturing,MANUFACTURING,3/11/2025,3/18/2025,GO,NSG,NSG,Partner,Submitted,3/11/2025,19,1964694.78,OP30,,,,10-Existing,5 -Need External Resource,5 -Peripheral Scope,7 -Urgent,5 -Limited,
3/11/2025,URC San Pedro 2 Auto Bake Line PLC HMI Upgrade,CMRP25030106,0,URC BCFG,Automation,PLC / SCADA,Manufacturing,F&B,3/7/2025,3/19/2025,GO,JMO,RJR,Partner,Submitted,3/19/2025,18,1880328.07,OP60,,,,10-Existing,5 -Need External Resource,10 -Core Business,10 -Reasonable Time,10 -Complete,Pending April SSW 
3/11/2025,PA Evacutation System One Rep,,,Megaworld,Electrification,PABGM,Buildings,CONSTRUCTION,3/11/2025,,DECLINE,CBD,,,,,,,,,,,,,,,,
3/11/2025,MIOX On-site Chlorine Generation System (Brine Cell Replacement),CMRP,0,Laguna Water,,MECHANICAL,Buildings,UTILITIES,3/11/2025,3/14/2025,PENDING,JMO,JMO,Partner,No Decision Yet,,25,,,,,,5-New Account No Champion,5 -Need External Resource,2 -Non Core for Subcon,7 -Urgent,5 -Limited,"Apr3:
-Wintfra interseted in this requirement: sir Jun to ffup"
3/11/2025,Design of On-Grid Solar for TARI Aboitiz Estate Facilities ,CMRP25030108,1,ABOITIZ Construction Inc.,Electrification,SOLAR,Buildings,CONSTRUCTION,3/11/2025,3/14/2025,GO,JMO,JMO,JMO,Submitted,3/13/2025,23,90000.00,OP30,,,,5-New Account No Champion,5 -Need External Resource,8 -Strategic Business,7 -Urgent,10 -Complete,Proponent waiting 3rd offer
3/12/2025,LC DIS PR#1000129018 ;1000127272 - Siemens Contactor and Mem Card,CMRP25030107,0,URC SURE,Automation,PLC / SCADA,Manufacturing,F&B,3/12/2025,3/19/2025,GO,NSG,NSG,NSG,Submitted,,15,,,,,,10-Existing,8 -Need to Customize,10 -Focus Business,10 -Reasonable Time,10 -Complete,
3/12/2025,Siemens Busco Sugar PCS7 PLC RIO Panel Assembly,CMRP25030110,0,"Busco Sugar Milling Co., Inc.",Automation,PLC / SCADA,Manufacturing,F&B,3/12/2025,,GO,RTR,EIS,SubCon,Submitted,3/19/2025,16,1885300.96,OP30,,,,,,,,,
3/12/2025,URC Pam PMS of Genset #6 & Genset #7 on HOLY WEEK (PR 1000129029),CMRP,0,URC BCFG,Electrification,ELECTRICAL,Manufacturing,F&B,3/12/2025,3/19/2025,DECLINE,JMO,JMO,Partner,,,,,,,,,10-Existing,5 -Need External Resource,2 -Non Core for Subcon,7 -Urgent,5 -Limited,
3/12/2025,URC Cal 2  SNACKS C 34 Priority Convenience Outlets (PR 1000134474),CMRP25030141,1,URC BCFG,Electrification,ELECTRICAL,Manufacturing,F&B,3/12/2025,4/2/2025,GO,JMO,CBG,Partner,Submitted,4/2/2025,20,1498895.35,LOST,4/1/2025,,,10-Existing,8 -Need to Customize,5 -Peripheral Scope,7 -Urgent,2 -No Data,Lost to JAM (200k only); Megamaster (<400k)
3/12/2025,La Carlota_CO2 Engineering Workstation and Project PC (PR 1200009773),CMRP,0,URC SURE,Electrification,EE & AUX,Manufacturing,F&B,03/12/2025,03/19/2025,GO,JMO,RJR,Partner,Not Yet Started,4/2/2025,20,,,,,,10-Existing,10 -Existing Solution,10 -Focus Business,5 -Budgetary,5 -Limited,"RJ Waiting requested End-user's Info 
Apr3:
- for ffup of
Apr7:
- Info given still not sufficient to quote client advises to conduct site survey
Apr24:
- need to followup sir Rojel to send personnel for site inspection"
03/13/2025,URC Pam 1_Bakery/Snacks MVSG PMS on Holy Week (PR 1000127786--127525),CMRP,0,URC BCFG,Electrification,EE & AUX,Manufacturing,F&B,3/15/2025,3/20/2025,DECLINE,JMO,JMO,Partner,,,,,,,,,10-Existing,5 -Need External Resource,5 -Peripheral Scope,7 -Urgent,5 -Limited,
3/14/2025,Manila Water Supply and Delivery Submersible Flat Cord,CMRP25030113,0,Manila Water,Electrification,ELECTRICAL,Buildings,UTILITIES,3/14/2025,3/14/2025,DECLINE,NSG,NSG,Partner,,,,,,,,,8-With Account Champion,10 -Existing Solution,10 -Core Business,10 -Reasonable Time,10 -Complete,
3/14/2025,Supply of Schneider PM5110,CMRP25030114,0,"STMicroelectronics, Inc.",Electrification,ELECTRICAL,Manufacturing,SEMICON,3/14/2025,3/14/2025,GO,CBD,NSG,Partner,Submitted,3/14/2025,,,LOST,4/1/2025,,,10-Existing,10 -Existing Solution,10 -Core Business,10 -Reasonable Time,10 -Complete,for revision 10 GM
3/14/2025,Netpac PLDT Clarktel FDAS PM Service,CMRP25030112,0,"Net Pacific, Inc.",Electrification,FDAS,Buildings,CONSTRUCTION,3/13/2025,3/14/2025,GO,RTR,RJR,SE,Submitted,3/14/2025,44,249358.02,OP30,,,,,,,,,
3/14/2025,Eastgate CCTV and PABGM,,,Megaworld,Electrification,AUXILIARY,Buildings,CONSTRUCTION,3/13/2025,3/14/2025,DECLINE,CBD,,,,,,,,,,,,,,,,
3/14/2025,22MW Solar Luzon SCADA,,,Renesource Inc.,Automation,PLC / SCADA,Power,UTILITIES,3/13/2025,,PENDING,CBD,,,Not Yet Started,,,,,,,,,,,,,"Apr3:
- Capbank on going (AGA SYSTEM?)
- JMO Ref: Powerchina"
3/14/2025,I-Land Tower 3 MEPFS,,,Archipelago Builders Corporation,Electrification,MEPFS,Buildings,CONSTRUCTION,3/12/2025,3/27/2025,DECLINE,CBD,,,,,,,,,,,,,,,,
3/14/2025,Central Park FitOut,,,Archipelago Builders Corporation,Electrification,MEPFS,Buildings,CONSTRUCTION,3/12/2025,3/17/2025,DECLINE,CBD,,,,,,,,,,,,,,,,
3/14/2025,Two World and Three World Square BMS Rehab,CMRP25030142,2,Asia Infinity Property Management,Automation,BMS,Buildings,CONSTRUCTION,3/12/2025,3/28/2025,GO,CBD,EIS,DS,Submitted,4/22/2025,20,6026001.85,OP60,,,,,,,,,"Apr24:
-submitted optimized / best offer last Apr 22"
2/24/2025,ADI Calibration of Siemens Instruments,CMRP25020060,0,"Analog Devices, Inc.",Automation,INSTRUMENTATION,Manufacturing,SEMICON,2/17/2025,,GO,NSG,NSG,DS,Submitted,3/4/2025,31,310715.15,OP60,,,,10-Existing,10 -Existing Solution,10 -Core Business,10 -Reasonable Time,10 -Complete,
3/14/2025,"Replace Existing Expander Line Control in Concrete Silo @ UCP Pasig
",CMRP25030141,1,URC AIG,Digitalization,ELECTRICAL,Manufacturing,F&B,3/14/2025,3/24/2025,GO,JMO,CBG,CBG,Submitted,4/16/2025,20,1740460.17,OP60,,,,2-Existing account with No Orders,10 -Existing Solution,10 -Focus Business,5 -Budgetary,5 -Limited,for SSW
3/14/2025,URC Canlubang _Piatto's Line PLC Upgrade ,CMRP25030146,0,URC BCFG,Automation,PLC / SCADA,Manufacturing,F&B,3/14/2025,3/24/2025,GO,JMO,RJR,Partner,Submitted,4/11/2025,20,758138.72,OP60,,,,10-Existing,10 -Existing Solution,10 -Focus Business,10 -Reasonable Time,2 -No Data,25Apr Forwarded by Sir Marvin to HO for PR/PO
3/17/2025,Clark Casino BMS,,,LG Philippines Inc.,Automation,BMS,Buildings,CONSTRUCTION,,,PENDING,CBD,EIS,EIS,Not Yet Started,,,,,,,,,,,,,"Apr3:
- Apr8 meeting"
3/17/2025,New Galleria Baclaran BMS works,,,Applied Thermal Technology Solution Corporation,Automation,BMS,Buildings,CONSTRUCTION,3/17/2025,,PENDING,CBD,,,Not Yet Started,,,,,,,,,,,,,"Apr3:
- internally(attsc) finalizing"
3/14/2025,URC Canlubang _Piatto's Sheeter PLC Upgrade ,CMRP25030146,0,URC BCFG,Automation,PLC / SCADA,Manufacturing,F&B,3/14/2025,3/24/2025,GO,JMO,RJR,Partner,For Revision,4/11/2025,20,1708934.70,OP60,,,,10-Existing,10 -Existing Solution,10 -Focus Business,10 -Reasonable Time,2 -No Data,25Apr Forwarded by Sir Marvin to HO for PR/Bidding
3/18/2025,URC Calamba-2 CCL Control Improvements,CMRP,0,URC BCFG,Automation,PLC / SCADA,Manufacturing,F&B,3/18/2025,3/25/2025,GO,JMO,EIS,EIS,For Revision,4/8/2025,30,1637063.18,OP60,,,,10-Existing,10 -Existing Solution,10 -Core Business,5 -Budgetary,5 -Limited,25Apr: For site visit by Pam1 CCL Project Leads for  recom
3/19/2025,URC Sonedco Pressure Transmitter,,,URC SURE,Automation,INSTRUMENTATION,Buildings,F&B,3/19/2025,,DECLINE,NSG,NSG,Partner,,,,,,,,,10-Existing,5 -Need External Resource,2 -Non Core for Subcon,5 -Budgetary,2 -No Data,
3/19/2025,NURC-Tarlac Roof-Trusses Structural Analysis w/ OPTIONAL Test (OPTION 1),CMRP25030131,1,URC BCFG,Electrification,CIVIL ,Manufacturing,F&B,03/19/2025,3/26/2025,GO,JMO,JMO,JMO,For Revision,4/21/2025,17,901542.79,OP60,,,,10-Existing,5 -Need External Resource,2 -Non Core for Subcon,7 -Urgent,5 -Limited,23Apr: for rev using Old School methodology due to budget
3/19/2025,URC Pam 1  Roof-Trusses Structural Analysis w/ OPTIONAL Test (OPTION 1),CMRP25030132,1,URC BCFG,Electrification,CIVIL ,Manufacturing,F&B,03/19/2025,3/26/2025,GO,JMO,JMO,JMO,For Revision,4/21/2025,16,1498805.04,OP60,,,,10-Existing,5 -Need External Resource,2 -Non Core for Subcon,7 -Urgent,5 -Limited,23Apr: for rev using Old School methodology due to budget
3/19/2025,URC Binan Roof-Trusses Structural Analysis w/ OPTIONAL Test (OPTION 1),CMRP25030133,1,URC BCFG,Electrification,CIVIL ,Manufacturing,F&B,3/19/2025,3/26/2025,GO,JMO,JMO,JMO,For Revision,4/21/2025,15,1390901.75,OP60,,,,10-Existing,5 -Need External Resource,2 -Non Core for Subcon,7 -Urgent,10 -Complete,23Apr: for rev using Old School methodology due to budget
2/6/2025,NPI Installation of Ethernet Switch,CMRP25020037,0,"Net Pacific, Inc.",Automation,PLC / SCADA,Buildings,CONSTRUCTION,2/6/2025,2/6/2025,GO,NSG,NSG,DS,Submitted,2/6/2025,25,20000.00,Inactive,,,,10-Existing,10 -Existing Solution,10 -Core Business,10 -Reasonable Time,10 -Complete,
3/20/2025,Petron Supply of 110V Contactor,CMRP25030125,0,Petron Corporation,Electrification,ELECTRICAL,Power,OIL & GAS,3/20/2025,3/14/2025,GO,NSG,NSG,NSG,Submitted,3/20/2025,40,5777.90,OP30,,,,10-Strategic,10 -Existing Solution,8 -Strategic Business,7 -Urgent,10 -Complete,
3/20/2025,Petron Supply of S7-400 DO Module,CMRP25030126,0,Petron Corporation,Automation,PLC / SCADA,Power,OIL & GAS,3/20/2025,3/20/2025,GO,NSG,NSG,NSG,Submitted,3/20/2025,25,61888.92,OP30,,,,10-Strategic,10 -Existing Solution,8 -Strategic Business,7 -Urgent,10 -Complete,
3/20/2025,First Balfour Supply of Schneider Breaker,CMRP25030127,0,"First Balfour, Inc",Electrification,ELECTRICAL,Buildings,CONSTRUCTION,3/20/2025,3/20/2025,GO,NSG,NSG,NSG,Submitted,3/20/2025,30,27803.13,OP30,,,,10-Existing,10 -Existing Solution,8 -Strategic Business,7 -Urgent,10 -Complete,
3/20/2025,NCC Supply of Link Box and Profibus DP Connector,CMRP25030128,0,NCC,Electrification,ELECTRICAL,Manufacturing,CEMENT,3/18/2025,3/20/2025,GO,NSG,NSG,NSG,Submitted,,,,,,,,10-Existing,10 -Existing Solution,10 -Focus Business,10 -Reasonable Time,10 -Complete,
3/20/2025,SCII Supply of MPS and Battery,CMRP25030129,0,SCII,Electrification,FDAS,Manufacturing,CEMENT,3/20/2025,3/20/2025,GO,NSG,NSG,NSG,Submitted,3/21/2025,30,,,,,,10-Existing,10 -Existing Solution,10 -Core Business,7 -Urgent,10 -Complete,
3/20/2025,SLTEC Supply of Cable Tray,CMRP25030130,0,ACEN,Electrification,ELECTRICAL,Buildings,CONSTRUCTION,3/20/2025,3/21/2025,GO,NSG,NSG,Partner,Submitted,3/21/2025,35,92070.00,OP30,,,,5-New Account No Champion,8 -Need to Customize,8 -Strategic Business,7 -Urgent,5 -Limited,
2/8/2025,URC Pam Replace HMI of Line 3 Filler Machine (RFP by Sir Errol Ventura for TJ),CMRP,0,URC BCFG,Automation,PLC / SCADA,Manufacturing,F&B,2/8/2025,,PENDING,JMO,RJR,RJR,,,20,,Inactive,,,,10-Existing,10 -Existing Solution,10 -Focus Business,7 -Urgent,2 -No Data,Sir Errol request back-up program from EOM
3/21/2025,Manila Water PowerFuse Switchgear HV 160A,CMRP25030137,0,Manila Water,Electrification,ELECTRICAL,Buildings,UTILITIES,3/21/2025,3/26/2025,DECLINE,NSG,NSG,SubCon,,,,,,,,,2-Existing account with No Orders,8 -Need to Customize,8 -Strategic Business,7 -Urgent,2 -No Data,No response for the end user for the technical clarif / deadline 03-26-2025
3/21/2025,PR#1000137480 - Pressure Transmitter,,0,URC SURE,Automation,INSTRUMENTATION,Manufacturing,F&B,3/21/2025,3/28/2025,DECLINE,NSG,NSG,,,,,,,,,,8-With Account Champion,3 -No Previous Experience,2 -Non Core for Subcon,5 -Budgetary,2 -No Data,
3/21/2025,1Rep FDAS,,,Megaworld,Electrification,FDAS,Buildings,CONSTRUCTION,3/20/2025,3/28/2025,DECLINE,CBD,ASB,,,,,,,,,,,,,,,
3/21/2025,Mactan Cebu CCTV,,,Megaworld,Electrification,CCTV,Buildings,CONSTRUCTION,3/20/2025,3/25/2025,DECLINE,CBD,,,,,,,,,,,,,,,,
3/21/2025,Silangan Capbank and SCADA,,,DirectElectrix,Automation,PLC / SCADA,Power,UTILITIES,3/20/2025,,PENDING,CBD,NSG,RJR,No Decision Yet,,,,,,,,,,,,,"Apr3:
- Capbank on going (AGA SYSTEM?)
- Capbank brand - request info
- JEB to review today and give suggestion/feedback
- SCADA Integration included in scope(can be separated in case no offering for capbank services)
Apr 7:
- RFI was sent regarding SCADA scope. but no response yet from client"
3/24/2025,Aboitiz EAUC Supply & Installation of Operating Parameters Data Logger,,,Aboitiz,Electrification,ELECTRICAL,Power,UTILITIES,3/21/2025,3/27/2025,DECLINE,RTR,,,,,,,,,,,,,,,,
3/24/2025,Archen DESIGN MANUFACTURE SUPPLY DELIVERY AT SITE HAUL INSTALL AND TESTING AND COMMISSIONING OF CONTINUOUS-DUTY GENERATOR SETS FOR MAITUM PORT FACILITY,,,,Electrification,ELECTRICAL,,,3/21/2025,,DECLINE,LOS,,,,,,,,,,,,,,,,
3/24/2025,Crosslink TI Baguio Phase 7 SCADA,CMRP25030155,0,Cross-link Construction Corp,Automation,PLC / SCADA,Manufacturing,SEMICON,3/21/2025,3/31/2025,GO,LOS,RJR,RJR,Submitted,4/3/2025,27,4858350.11,OP30,,,,,,,,,
3/24/2025,Supply and Delivery of Panel Boards (Gardiola Residence),,,"Whiteport, Inc",Electrification,ELECTRICAL,Buildings,CONSTRUCTION,3/18/2025,,DECLINE,NSG,JMO,,Submitted,,,,,4/1/2025,,,5-New Account No Champion,5 -Need External Resource,8 -Strategic Business,10 -Reasonable Time,10 -Complete,
3/10/2025,BBP Preventive Maintenance - TEC,CMRP25030103,0,BBP,Electrification,ELECTRICAL,Buildings,CONSTRUCTION,3/10/2025,3/10/2025,GO,NSG,NSG,SE,Submitted,3/10/2025,40,37989.55,OP100,,,,10-Existing,10 -Existing Solution,10 -Core Business,10 -Reasonable Time,10 -Complete,PO 18313
3/24/2025,Amherst Solids BMS Phase 1,CMRP24030101,3,Amherst Laboratories Inc.,Automation,BMS,Manufacturing,PHARMA,,,GO,RTR,RJR,RJR,For Revision,4/11/2025,30,7872297.73,OP90,,,,,,,,,"Apr 21:
- clarification meeting last Apr15"
3/24/2025,BBP Ascott Megger Testing,CMRP25030135,0,BBP,Electrification,ELECTRICAL,Buildings,CONSTRUCTION,3/24/2025,,GO,NSG,NSG,NSG,Submitted,3/25/2025,,,,,,,10-Existing,10 -Existing Solution,10 -Focus Business,10 -Reasonable Time,10 -Complete,
3/24/2025,Uptown East Gate 14F and 16F EE & Aux,,,Megaworld,Electrification,EE & AUX,Buildings,CONSTRUCTION,3/24/2025,3/26/2025,DECLINE,CBD,ASB,,,,,,,,,,,,,,,
3/24/2025,Petron Pandacan Manual Filling B Siemens Logo Programming ,,0,Petron,Automation,PLC / SCADA,Manufacturing,OIL & GAS,3/21/2025,,GO,RTR,AVR,AVR,Submitted,,,,,,,,,,,,,
3/24/2025,Upper East No.1 Aux,,,Megaworld,Electrification,AUXILIARY,Buildings,CONSTRUCTION,3/24/2025,3/26/2025,DECLINE,CBD,ASB,,,,,,,,,,,,,,,
3/25/2025,URC SONEDCO PR No. 1000015851 - Siemens Module,CMRP25030138,0,URC SURE,Digitalization,PLC / SCADA,Manufacturing,F&B,3/25/2025,4/1/2025,GO,NSG,NSG,NSG,Submitted,3/26/2025,20,748881.89,OP30,,,,10-Strategic,10 -Existing Solution,10 -Focus Business,7 -Urgent,10 -Complete,
3/25/2025,URC LC DIS PR#1000075965 ;1000124184 - Schneider Breaker,CMRP25030139,0,URC SURE,Electrification,ELECTRICAL,Manufacturing,F&B,3/25/2025,4/1/2025,GO,NSG,NSG,NSG,Submitted,3/26/2025,35,21190.71,OP30,,,,10-Existing,10 -Existing Solution,10 -Core Business,7 -Urgent,10 -Complete,
3/25/2025,URC LC DIS PR#1000061107 - Supply of CCTV,CMRP25030140,0,URC SURE,Electrification,CCTV,Manufacturing,F&B,3/25/2025,4/1/2025,GO,NSG,NSG,NSG,Submitted,3/27/2025,30,51751.70,OP30,,,,10-Existing,10 -Existing Solution,8 -Strategic Business,7 -Urgent,10 -Complete,
3/25/2025,Clark City Front Tower 2 EE & Aux,,,Megaworld,Electrification,EE & AUX,Buildings,CONSTRUCTION,3/24/2025,3/26/2025,DECLINE,CBD,,,,,,,,,,,,,,,,
3/26/2025,NCC Supply of Link Box and Profibus DP Connector,CMRP25030128,1,NCC,Electrification,ELECTRICAL,Manufacturing,CEMENT,3/26/2025,3/26/2025,GO,NSG,NSG,NSG,Submitted,3/26/2025,,,,,,,10-Existing,10 -Existing Solution,10 -Focus Business,10 -Reasonable Time,10 -Complete,
3/26/2025,La Carlota_ 5000A-ACB Supply @ Pwr Ctr D  w/ Commissioning  (PR1200016893),CMRP25030151,0,URC SURE,Electrification,EE & AUX,Manufacturing,F&B,3/26/2025,4/2/2025,GO,JMO,CBG,Partner,Submitted,4/2/2025,20,2332741.49,OP30,,,,10-Existing,8 -Need to Customize,5 -Peripheral Scope,10 -Reasonable Time,10 -Complete,Waiting buyer's feedabck on budgetray 15Apr
3/26/2025,URC Canlubang_FDAS PM/Inspection - (PR 1000113352),CMRP,0,URC BCFG,Electrification,FDAS,Manufacturing,F&B,3/26/2025,4/2/2025,DECLINE,JMO,CBG,Partner,,,,,,,,,10-Existing,5 -Need External Resource,5 -Peripheral Scope,7 -Urgent,5 -Limited,"Ian waiting for requested end-user's plan/drawing
apr3:
- ff-up yesterday
Apr 10:
-waiting for as built from client
Apr24:
-waiting for as built from client"
3/26/2025,URC Canlubang_Elec'l Equipment/Substations PM Works (PR 1200015824),CMRP,0,URC BCFG,Electrification,EE & AUX,Manufacturing,F&B,3/26/2025,4/4/2025,DECLINE,JMO,CBG,Partner,,,,,,,,,8-With Account Champion,5 -Need External Resource,2 -Non Core for Subcon,7 -Urgent,5 -Limited,
3/26/2025,URC Canlubang Panning Machines Controls Conversions (PR 1200016802,CMRP25030154,1,URC BCFG,Automation,PLC / SCADA,Manufacturing,F&B,3/26/2025,4/4/2025,GO,JMO,RJR,AVR,Submitted,4/28/2025,,937500.00,OP60,,,,10-Existing,10 -Existing Solution,10 -Core Business,5 -Budgetary,5 -Limited,revised to include 2 UPS per buyer's request
3/26/2025,URC Cavite_Centralized WONDERWARE SCADA (PR 1200016249),CMRP25030148,1,URC BCFG,Automation,PLC / SCADA,Manufacturing,F&B,3/26/2025,4/7/2025,GO,JMO,RJR,AVR,Submitted,4/28/2025,,1375328.00,OP60,,,,10-Existing,10 -Existing Solution,10 -Focus Business,5 -Budgetary,2 -No Data,Offer w/n budget; revised per buyer's request
3/26/2025,URC Cavite_ Silo PLC & SCADA Electrical Upgrade (PR 1200016271),CMRP25030149,1,URC BCFG,Automation,PLC / SCADA,Manufacturing,F&B,3/26/2025,4/7/2025,GO,JMO,RJR,AVR,Submitted,4/28/2025,,3973168.83,OP60,,,,10-Existing,10 -Existing Solution,10 -Focus Business,5 -Budgetary,2 -No Data,"Budget 4.0M Only; revised per buyer's request,"
3/26/2025,URC Cavite_MML Gravomat PLC SCADA upgrade (PR 1200016272),CMRP25030150,1,URC BCFG,Automation,PLC / SCADA,Manufacturing,F&B,3/26/2025,4/7/2025,GO,JMO,RJR,AVR,Submitted,4/28/2025,,2796534.09,OP60,,,,10-Existing,10 -Existing Solution,10 -Focus Business,5 -Budgetary,2 -No Data,Budget 2.8M Only; revised per buyer's request
3/27/2025,Laguna Water Supply of Induction Motor,CMRP25030144,0,Laguna Water,Electrification,ELECTRICAL,Buildings,UTILITIES,3/27/2025,3/27/2025,GO,NSG,NSG,NSG,Submitted,3/27/2025,26,126070.56,OP30,,,,5-New Account No Champion,8 -Need to Customize,8 -Strategic Business,7 -Urgent,10 -Complete,
3/27/2025,Laguna Water Supply of Capacitor,CMRP25030145,0,Laguna Water,Electrification,ELECTRICAL,Buildings,UTILITIES,3/27/2025,3/27/2025,GO,NSG,NSG,NSG,Submitted,3/27/2025,29,470925.00,OP30,,,,5-New Account No Champion,8 -Need to Customize,8 -Strategic Business,7 -Urgent,10 -Complete,
3/27/2025,Sumitomo Northport Replacement of DC to AC motor,,0,Sumitomo (SHI) Cyclo Drive Asia Pacific Pte Ltd,Electrification,ELECTRICAL,Power,OTHERS,3/27/2025,,DECLINE,LOS,NSG,Partner,,,,,,,,,5-New Account No Champion,8 -Need to Customize,5 -Peripheral Scope,5 -Budgetary,2 -No Data,
3/28/2025,PASSI PR#1000134409 (Allen Bradley Parts),CMRP25030153,0,URC SURE,Electrification,ELECTRICAL,Manufacturing,F&B,3/28/2025,4/4/2025,GO,NSG,NSG,NSG,Submitted,4/3/2025,20,651441.15,OP30,,,,8-With Account Champion,10 -Existing Solution,10 -Focus Business,7 -Urgent,10 -Complete,
3/31/2025,Goltens APRI Woodward Panel Installation HMI,CMRP23080259,3,Goltens,Automation,PLC / SCADA,Power,UTILITIES,3/28/2025,4/3/2025,GO,RTR,RJR,AVR,Submitted,4/4/2025,26,1345922.66,OP30,4/1/2025,,,,,,,,
3/31/2025,NCC Supply of Link Box and Profibus DP Connector,CMRP25030128,2,NCC,Electrification,ELECTRICAL,Manufacturing,CEMENT,3/26/2025,3/26/2025,GO,NSG,RJR,NSG,Submitted,4/2/2025,18,1761077.25,OP100,,,,10-Existing,10 -Existing Solution,10 -Focus Business,10 -Reasonable Time,10 -Complete,
3/31/2025,Difsys Supply of Output Monitor Module,CMRP25030156,1,"Digitally Intelligent Facility Systems, Inc. ",Electrification,FDAS,Buildings,OTHERS,3/31/2025,3/31/2025,GO,NSG,NSG,NSG,Submitted,3/31/2025,40,18519.38,OP30,,,,10-Existing,10 -Existing Solution,10 -Focus Business,10 -Reasonable Time,10 -Complete,
4/2/2025,SMC Supply and Install of Pressure Sensor Switch and Bladder Tank,,,San Miguel Corporation,,MECHANICAL,Manufacturing,F&B,,,DECLINE,,,,,,,,,3/1/2025,,,,,,,,
4/2/2025,LC DIS PR#1000129018 ;1000127272 - Siemens Contactor and Mem Card,CMRP25030107,1,URC SURE,Automation,PLC / SCADA,Manufacturing,F&B,3/12/2025,3/19/2025,GO,NSG,NSG,NSG,Submitted,4/2/2025,15,9776.22,OP100,,,,10-Existing,8 -Need to Customize,10 -Focus Business,10 -Reasonable Time,10 -Complete,
4/2/2025,URC ESMO PM of 3 Power Transformers (PR 1000129599),CMRP,0,URC BCFG,Electrification,PABGM,Manufacturing,F&B,4/2/2025,4/14/2025,DECLINE,JMO,JMO,Partner,,,,,,,,,8-With Account Champion,5 -Need External Resource,2 -Non Core for Subcon,7 -Urgent,5 -Limited,
4/3/2025,Amherst Lab Supply of Wireless Hygrometer,CMRP25040159,0,Amherst Laboratories Inc.,Digitalization,INSTRUMENTATION,Manufacturing,PHARMA,4/3/2025,4/3/2025,GO,NSG,NSG,DS,Submitted,4/3/2025,30,603281.25,OP30,4/1/2025,,,10-Existing,8 -Need to Customize,10 -Focus Business,10 -Reasonable Time,10 -Complete,
4/3/2025,MC Engineer Supply of Wago Connectors,CMRP25040160,0,M.C Engineering Inc.,Electrification,ELECTRICAL,Buildings,OTHERS,4/3/2025,4/3/2025,GO,NSG,NSG,NSG,Submitted,4/3/2025,37,53753.07,OP100,,,,5-New Account No Champion,10 -Existing Solution,10 -Focus Business,10 -Reasonable Time,10 -Complete,Ready stock - Netpacific
4/3/2025,Difsys Mcgill Enclosure,CMRP25040161,1,"Digitally Intelligent Facility Systems, Inc. ",Electrification,ELECTRICAL,Buildings,OTHERS,4/3/2025,4/3/2025,GO,NSG,NSG,NSG,Submitted,4/3/2025,40,6366.39,OP30,,,,10-Strategic,10 -Existing Solution,10 -Focus Business,10 -Reasonable Time,10 -Complete,
4/3/2025,URC Cavite _ Upgrade/Programming PLC ASC Fuji (PR 1200015883),CMRP25040178,0,URC BCFG,Automation,PLC / SCADA,Manufacturing,F&B,3/26/2025,4/11/2025,GO,JMO,RJR,RJR,Submitted,4/15/2025,20,3777417.11,OP30,,,,10-Existing,10 -Existing Solution,10 -Focus Business,5 -Budgetary,2 -No Data,23Apr: Yet for turn-over by buyer to end-user
4/3/2025,URC Cavite _ Upgrade/Programming PLC WF2 Fuji G (PR 1200016133),CMRP25040179,0,URC BCFG,Automation,PLC / SCADA,Manufacturing,F&B,3/26/2025,4/11/2025,GO,JMO,RJR,RJR,Submitted,4/15/2025,20,3791936.39,OP30,,,,10-Existing,10 -Existing Solution,10 -Focus Business,5 -Budgetary,2 -No Data,23Apr: Yet for turn-over by buyer to end-user
4/3/2025,URC Cavite _ Upgrade/Programming PLC  CL1 Fuji Primary (PR 1200016101),CMRP25040180,0,URC BCFG,Automation,PLC / SCADA,Manufacturing,F&B,3/26/2025,4/11/2025,GO,JMO,RJR,RJR,Submitted,4/15/2025,20,3719393.77,OP30,,,,10-Existing,10 -Existing Solution,10 -Focus Business,5 -Budgetary,2 -No Data,23Apr: Yet for turn-over by buyer to end-user
4/3/2025,URC Cavite _ Upgrade/Programming PLC  CL2 Fuji Peters (PR 1200016877),CMRP25040181,0,URC BCFG,Automation,PLC / SCADA,Manufacturing,F&B,3/26/2025,4/11/2025,GO,JMO,RJR,RJR,Submitted,4/15/2025,20,4374201.38,OP30,,,,10-Existing,10 -Existing Solution,10 -Focus Business,5 -Budgetary,2 -No Data,23Apr: Yet for turn-over by buyer to end-user
4/3/2025,URC Cavite _ Upgrade/Programming PLC Dyna Fuji FW7700 (PR 120001703),CMRP25040182,0,URC BCFG,Automation,PLC / SCADA,Manufacturing,F&B,3/26/2025,4/11/2025,GO,JMO,RJR,RJR,Submitted,4/15/2025,20,3346928.13,OP30,,,,10-Existing,10 -Existing Solution,10 -Focus Business,5 -Budgetary,2 -No Data,23Apr: Yet for turn-over by buyer to end-user
4/3/2025,URC Cavite _ Upgrade/Programming PLC XO Microfilm PLC/ HMI (PR 1200016879),CMRP25040175,1,URC BCFG,Automation,PLC / SCADA,Manufacturing,F&B,3/26/2025,4/11/2025,GO,JMO,RJR,RJR,Submitted,4/28/2025,,1797167.00,OP60,,,,10-Existing,10 -Existing Solution,10 -Focus Business,5 -Budgetary,2 -No Data,Budget 1.80M Only; revised per buyer's request
4/4/2025,FCF Minerals Supply of Siemens ACB,CMRP25040162,0,FCF Minerals Corporation,Electrification,ELECTRICAL,Power,OTHERS,4/4/2025,4/11/2025,GO,NSG,NSG,NSG,Submitted,4/10/2025,40,95223.38,OP30,,,,5-New Account No Champion,10 -Existing Solution,10 -Focus Business,10 -Reasonable Time,10 -Complete,
4/7/2025,Philcore SMGP 1 Year BESS SCADA Maintenance Services,CMRP25030152,0,Philcore System Solutions Power Inc ,Automation,PLC / SCADA,Power,POWER PLANT,3/28/2025,3/31/2025,GO,RTR,EIS,EIS,Submitted,3/31/2025,76,892012.31,OP30,,,,,,,,,"Apr 04:
- Client advises to raise costing"
4/3/2025,URC Cavite _Elect'l Works CHOCOLATE Weineroto Panel (PR 1200016270),CMRP25040168,0,URC BCFG,Electrification,ELECTRICAL,Manufacturing,F&B,4/3/2025,4/11/2025,GO,JMO,CBG,Partner,For Revision,4/15/2025,20,2463386.74,OP60,,,,10-Existing,10 -Existing Solution,10 -Focus Business,5 -Budgetary,10 -Complete,Budget 1.80M Only; Comp.prices not visible to enduser
4/3/2025,URC Cavite _LBS Installation at SubsStation (PR  1200015875),CMRP,0,URC BCFG,Electrification,EE & AUX,Manufacturing,F&B,4/3/2025,4/11/2025,DECLINE,JMO,RJR,Partner,,,,,,,,,10-Existing,,,,,
4/3/2025,URC Cavite _QA Workstation LP & PP Panels Install'n (PR 1200016400),CMRP25040169,0,URC BCFG,Electrification,EE & AUX,Manufacturing,F&B,4/3/2025,4/11/2025,GO,JMO,CBG,Partner,For Revision,4/15/2025,23,1853212.78,OP60,,,,10-Existing,10 -Existing Solution,10 -Core Business,5 -Budgetary,10 -Complete,Budget 1.1M Only; Comp.prices not visible to enduser
4/3/2025,URC Cavite _Battery Charging Station (PR 1200016471),CMRP25040172,0,URC BCFG,Electrification,EE & AUX,Manufacturing,F&B,4/3/2025,4/11/2025,GO,JMO,CBG,Partner,For Revision,4/15/2025,23,1360784.46,OP60,,,,10-Existing,10 -Existing Solution,10 -Focus Business,5 -Budgetary,10 -Complete,Budget 0.80M Only:Comp.prices not visible to enduser
4/7/2025,SURE Bais_ WTP LCD Replacement Annual PM (PR 1000134530),CMRP,0,URC SURE,Automation,PLC / SCADA,Manufacturing,F&B,4/7/2025,4/14/2025,DECLINE,,,,,,,,,,,,10-Existing,3 -No Previous Experience,2 -Non Core for Subcon,5 -Budgetary,2 -No Data,
4/7/2025,URC SP1_Improvement of FUEL transfer pump and Grounding,CMRP25040177,0,URC BCFG,Electrification,ELECTRICAL,Manufacturing,F&B,4/7/2025,4/15/2025,GO,JMO,CBG,Partner,For Revision,4/15/2025,20,786811.59,OP60,,,,10-Existing,8 -Need to Customize,5 -Peripheral Scope,5 -Budgetary,5 -Limited,for SSW 29-April 12 Noon
4/7/2025,URC SP1_Improvement of Controlled & Combustible,CMRP,0,URC BCFG,Electrification,CIVIL ,Manufacturing,F&B,4/7/2025,,DECLINE,JMO,CBG,Partner,,,,,,,,,10-Existing,8 -Need to Customize,5 -Peripheral Scope,5 -Budgetary,5 -Limited,
4/8/2025,Siemens D&L Programming (dotX),,,,,,,,,,,,,,,,,,,,,,,,,,,
4/10/2025,Brent Additional Temp Sensor and Outdoor RH Temp,CMRP25040166,0,Applied Thermal Technology Solution Coporation,Digitalization,INSTRUMENTATION,Buildings,CONSTRUCTION,4/10/2025,,GO,NSG,NSG,DS,Submitted,4/11/2025,40,244020.00,OP30,,,,10-Existing,10 -Existing Solution,10 -Focus Business,10 -Reasonable Time,10 -Complete,
4/10/2025,URC Binan  Holy Week Transformers PM (PR  1000138203),CMRP,0,URC BCFG,Electrification,PABGM,Manufacturing,F&B,4/2/2025,4/14/2025,DECLINE,JMO,JMO,Partner,,,,,,,,,8-With Account Champion,5 -Need External Resource,2 -Non Core for Subcon,7 -Urgent,5 -Limited,
4/11/2025,URC Sonedco Supply of Siemens Power Supply (1000135280),CMRP25040167,0,URC SURE,Electrification,ELECTRICAL,Manufacturing,F&B,4/11/2025,4/18/2025,GO,NSG,NSG,NSG,Submitted,4/15/2025,25,193668.32,OP30,,,,10-Existing,10 -Existing Solution,10 -Focus Business,10 -Reasonable Time,10 -Complete,
4/11/2025,BBP Ascott Megger Testing,CMRP25030135,1,BBP,Electrification,ELECTRICAL,Buildings,CONSTRUCTION,4/11/2025,,GO,NSG,NSG,NSG,Submitted,4/11/2025,25,67431.00,OP30,,,,10-Existing,10 -Existing Solution,10 -Core Business,10 -Reasonable Time,10 -Complete,
4/12/2025,RCBC ACB Additional,CMRP25010006A,1,Applied Thermal Technology Solution Coporation,Electrification,ELECTRICAL,Buildings,CONSTRUCTION,4/7/2025,,GO,CBD,CBG,SE,Submitted,4/25/2025,20,80357.14,OP60,,,,,,,,,
4/12/2025,PSDC FDAS Additional,CMRP,,Megaworld,Electrification,FDAS,Buildings,CONSTRUCTION,4/2/2025,,GO,CBD,CBG,SE,Submitted,4/11/2025,,323360.70,OP30,,,,,,,,,
4/12/2025,Pump Station SCADA,,,Guam Pacific Mechanical & Electrical,Automation,PLC / SCADA,Buildings,UTILITIES,4/8/2025,,PENDING,CBD,,,No Decision Yet,,,,,,,,,,,,,
4/14/2025,RCS Supply of Industrial Outlet Assy,CMRP25040170,0,"Royale Cold Storage North, Inc.",Electrification,ELECTRICAL,Manufacturing,COLD STORAGE,4/14/2025,,GO,NSG,NSG,Partner,On-Going,,,,,,,,10-Strategic,8 -Need to Customize,8 -Strategic Business,10 -Reasonable Time,10 -Complete,
4/14/2025,TIPI Baguio R2 Electrical System SCADA Integration,CMRP25040185,0,"Texas Instruments Philippines, Inc.",Automation,PLC / SCADA,Manufacturing,SEMICON,,,GO,LOS,RJR,RJR,For Revision,4/24/2025,34,3053090.77,OP30,,,,,,,,,"Apr24:
-Technical Prop submitted today
Apr25:
-Client sent revised BOM and new Drawings"
4/14/2025,MRT7 Station 2 EE works,,,Grand Apex Construction Inc.,Electrification,ELECTRICAL,Buildings,CONSTRUCTION,4/2/2025,,GO,CBD,ASB,ASB,On-Going,,,,,,,,,,,,,
4/14/2025,Laguna Water PQM and EMS - Water Pump Station,CMRP25040164,0,Laguna Water,Digitalization,IT,Buildings,UTILITIES,4/14/2025,,GO,LOS,NSG,DS,Submitted,4/15/2025,50,1200000.00,OP30,,,,5-New Account No Champion,8 -Need to Customize,8 -Strategic Business,10 -Reasonable Time,5 -Limited,
4/15/2025,Difsys Supply of XTRI Module,CMRP25040174,0,"Digitally Intelligent Facility Systems, Inc. ",Automation,FDAS,Manufacturing,OTHERS,4/15/2025,4/15/2025,GO,NSG,NSG,NSG,Submitted,4/15/2025,45,5228.21,OP30,,,,10-Existing,10 -Existing Solution,10 -Focus Business,10 -Reasonable Time,10 -Complete,
4/15/2025,Twinfra Suppy of Siemens Components and VFD,CMRP25040183,0,Twinfra Corporation,Digitalization,PLC / SCADA,Buildings,UTILITIES,4/15/2025,,GO,RTR,NSG,Partner,Submitted,4/15/2025,5,332251.44,OP90,,,,5-New Account No Champion,10 -Existing Solution,10 -Focus Business,10 -Reasonable Time,10 -Complete,
4/16/2025,Replacement of Existing Expander Line Control in Concrete Silo,CMRP25030121A,0,URC AIG,Electrification,ELECTRICAL,Manufacturing,F&B,4/8/2025,4/16/2025,GO,JMO,CBG,Partner,Submitted,4/16/2025,22,1810032.02,OP60,,,,10-Existing,8 -Need to Customize,8 -Strategic Business,5 -Budgetary,5 -Limited,For SSW
4/21/2025,NCC Supply of Pulverized Limestone I.O Panel,CMRP25040184,0,NCC,Digitalization,PLC / SCADA,Manufacturing,CEMENT,4/10/2025,4/25/2025,GO,NSG,NSG,Partner,On-Going,,,,,,,,10-Existing,10 -Existing Solution,10 -Focus Business,10 -Reasonable Time,10 -Complete,
4/23/2025,Nexperia BMS Training,CMRP25040189,0,"Nexperia Philippines, Inc",Digitalization,BMS,Manufacturing,SEMICON,4/23/2025,4/23/2025,GO,NSG,NSG,DS,Submitted,4/23/2025,36,10000.00,OP30,,,,10-Existing,10 -Existing Solution,10 -Core Business,10 -Reasonable Time,10 -Complete,
4/23/2025,ACIC VFD with Free Standing Panel,CMRP25040190,0,Advantage Concrete Industries Corporation,Electrification,ELECTRICAL,Manufacturing,CEMENT,4/23/2025,,GO,NSG,NSG,Partner,Submitted,4/24/2025,25,836751.62,OP30,,,,10-Existing,10 -Existing Solution,10 -Core Business,10 -Reasonable Time,10 -Complete,
4/23/2025,Laguna Water Supply of 650 VA UPS,CMRP25040191,0,Laguna Water,Electrification,ELECTRICAL,Buildings,UTILITIES,4/23/2025,4/25/2025,GO,NSG,NSG,Partner,Submitted,4/24/2025,20,86517.86,OP30,4/1/2025,,,10-Strategic,10 -Existing Solution,10 -Focus Business,10 -Reasonable Time,10 -Complete,
4/23/2025,MRT7 Station 9 VO (labor),CMRP,,Archipelago Builders Corporation,Electrification,ELECTRICAL,Buildings,CONSTRUCTION,,,GO,CBD,JEB,SE,Submitted,,,232142.86,OP100,4/1/2025,,,,,,,,
4/23/2025,MRT7 Station 9 VO (CAD works),CMRP,,Archipelago Builders Corporation,Electrification,ELECTRICAL,Buildings,CONSTRUCTION,,,GO,CBD,JEB,SE,Submitted,,,80357.14,OP100,,,,,,,,,
4/23/2025,SLTEC Stand-alone PLC Upgrade,CMRP25040192,0,ACEN,Automation,PLC / SCADA,Power,POWER PLANT,4/23/2025,4/30/2025,PENDING,CBD,,,No Decision Yet,,,,,,,,,,,,,"Apr24:
-RFI Submitted Apr23
-ask support from RA Apr24"
4/23/2025,SLTEC Design and Installation of Sprinkler System,,,ACEN,Electrification,FDAS,Power,POWER PLANT,4/23/2025,5/6/2025,PENDING,CBD,CBG,SubCon,No Decision Yet,,,,,,,,,,,,,"Apr24:
-already inquiered with Hyblaze
-CBG to handle commercial"
4/23/2025,SCII Supply of MPS and Battery,CMRP25030129,1,SCII,Electrification,FDAS,Manufacturing,CEMENT,4/23/2025,4/23/2025,GO,NSG,NSG,NSG,Submitted,4/23/2025,29,51480.07,OP90,,,,10-Existing,10 -Existing Solution,10 -Core Business,10 -Reasonable Time,10 -Complete,
4/23/2025,Maintenance of Electrical System at 85-WSO Facilities,CMRP,0,MAYNILAD Water,Electrification,ELECTRICAL,Buildings,UTILITIES,4/23/2025,4/25/2025,PENDING,JMO,JEB,CBG,No Decision Yet,,15,,,,,,2-Existing account with No Orders,5 -Need External Resource,8 -Strategic Business,5 -Budgetary,5 -Limited,"Needs JEB evaluation if needs SESCO support
Apr24: 
-for decision within day"
4/23/2025,URC Malvar NSX Bldg. Lines Dosing Automation,CMRP,0,URC BCFG,Automation,INSTRUMENTATION,Manufacturing,F&B,4/23/2025,,GO,JMO,RJR,EIS,On-Going,,20,,,,,,10-Existing,8 -Need to Customize,8 -Strategic Business,10 -Reasonable Time,5 -Limited,"For 24Apr 1:30pm Pre-Bid @ TERA by RJ
Apr 28: JMO to check with end user of budget info"
4/24/2025,Twinfra Supply of IP65 VFD,CMRP25040193,0,Twinfra Corporation,Electrification,ELECTRICAL,Buildings,UTILITIES,4/24/2025,,GO,NSG,NSG,Partner,Submitted,4/24/2025,20,568664.61,OP30,,,,10-Strategic,10 -Existing Solution,10 -Focus Business,10 -Reasonable Time,10 -Complete,
4/24/2025,Twinfra Supply of Fabricated Panel,CMRP25040194,0,Twinfra Corporation,Electrification,ELECTRICAL,Buildings,UTILITIES,4/24/2025,,GO,NSG,NSG,Partner,Submitted,4/28/2025,35,28467.41,OP30,,,,10-Strategic,10 -Existing Solution,10 -Focus Business,10 -Reasonable Time,10 -Complete,
4/24/2025,Laguna Water AVR 125kVA,CMRP25040195,0,Laguna Water,Electrification,ELECTRICAL,Buildings,UTILITIES,4/24/2025,,GO,LOS,NSG,SubCon,Submitted,4/24/2025,20,475625.00,OP30,,,,5-New Account No Champion,10 -Existing Solution,10 -Core Business,10 -Reasonable Time,10 -Complete,
4/24/2025,AAI Vermosa Cold Storage MCC and EE Works,CMRP25040186,0,"ALogis Artico, Inc.",Electrification,ELECTRICAL,Manufacturing,COLD STORAGE,4/22/2025,,GO,LOS,CBG,ASB,On-Going,,,,,,,,,,,,,"Apr24:
- MCC motor pump no plan need to request to client"
4/25/2025,ACIC MCC Cement Mill & Packhouse,CMRP25040196,0,Advantage Concrete Industries Corporation,Electrification,ELECTRICAL,Manufacturing,CEMENT,4/25/2025,4/25/2025,GO,NSG,NSG,NSG,Submitted,4/25/2025,17,40105122.18,OP30,,,,10-Existing,10 -Existing Solution,10 -Core Business,10 -Reasonable Time,10 -Complete,
4/25/2025,Difsys Supply of Fabricated Enclosure,CMRP25040198,0,"Digitally Intelligent Facility Systems, Inc. ",Electrification,ELECTRICAL,Manufacturing,OTHERS,4/25/2025,4/25/2025,GO,NSG,NSG,NSG,Submitted,4/25/2025,20,201210.94,OP30,,,,10-Existing,10 -Existing Solution,10 -Core Business,10 -Reasonable Time,10 -Complete,
4/25/2025,Siemens RCC - Crane System Upgrade,,0,Siemens,Automation,PLC / SCADA,Manufacturing,CEMENT,4/15/2025,,GO,RTR,RJR,,No Decision Yet,,,,,,,,,,,,,"Apr25:
-RFQ was sent to JKC last Apr15
- Requested for further info and if opp is still open
Apr29:
-ffup Siemens for requested info"
4/25/2025,MRT7 Station 8 and Station 9 EE works,,,SMC,Electrification,ELECTRICAL,Buildings,CONSTRUCTION,4/24/2025,,PENDING,CBD,JEB,,No Decision Yet,,,,,,,,,,,,,
4/25/2025,NURC Tarlac_Supply & Install PAGM System (PR PR 1200017503 ),CMRP,0,URC BCFG,Electrification,PABGM,Manufacturing,F&B,4/25/2025,,GO,JMO,CBG,Partner,Not Yet Started,,20,,,,,,10-Existing,5 -Need External Resource,5 -Peripheral Scope,10 -Reasonable Time,5 -Limited,for Subcon?
4/25/2025,URC San Pedro 1_Installation 5-CCTVs at RM Warehouse (PR1200017008),CMRP,0,URC BCFG,Electrification,CCTV,Manufacturing,F&B,4/25/2025,,PENDING,JMO,JEB,Partner,No Decision Yet,,20,,,,,,10-Existing,10 -Existing Solution,5 -Peripheral Scope,10 -Reasonable Time,5 -Limited,For 30-April Site Assessment w/ Ian
4/25/2025,URC San Pedro 1_Installation 5-CCTVs at DC Warehouse (PR1200017009),CMRP,0,URC BCFG,Electrification,CCTV,Manufacturing,F&B,4/25/2025,,PENDING,JMO,JEB,Partner,No Decision Yet,,20,,,,,,10-Existing,10 -Existing Solution,5 -Peripheral Scope,10 -Reasonable Time,5 -Limited,For 30-April Site Assessment w/ Ian
4/28/2025,Twinfra Supply of Letatwin Tag Printer,CMRP25040199,0,Twinfra Corporation,Electrification,ELECTRICAL,Buildings,UTILITIES,4/28/2025,,GO,NSG,NSG,NSG,Submitted,4/28/2025,20,103603.83,OP30,,,,5-New Account No Champion,10 -Existing Solution,10 -Core Business,10 -Reasonable Time,10 -Complete,
4/28/2025,Unilab Mini Glatt,CMRP25040200,0,Unilab,Automation,PLC / SCADA,Manufacturing,PHARMA,4/28/2025,,GO,NSG,NSG,DS,On-Going,,,,,,,,10-Existing,10 -Existing Solution,10 -Core Business,10 -Reasonable Time,10 -Complete,
4/28/2025,URC Canlubang_Annual PM/Cleaning 1MWp Solar PV System (PR 1000120456),CMRP,0,URC BCFG,Electrification,SOLAR,Manufacturing,F&B,4/28/2025,,GO,JMO,JMO,SubCon,Not Yet Started,,15,,,,,,10-Existing,5 -Need External Resource,2 -Non Core for Subcon,5 -Budgetary,5 -Limited,to be quoted by SESCO
4/28/2025,URC San Pedro 2 _ Structural Analysis & Integrity Certification,CMRP,0,URC BCFG,Electrification,SOLAR,Manufacturing,F&B,4/28/2025,,GO,JMO,JMO,Partner,On-Going,,20,,,,,,10-Existing,5 -Need External Resource,2 -Non Core for Subcon,7 -Urgent,5 -Limited,Add'l RFQ by Sir Jerick
4/28/2025,URC Cavite_ Structural Analysis & Integrity Certification,CMRP,0,URC BCFG,Electrification,SOLAR,Manufacturing,F&B,4/28/2025,,GO,JMO,JMO,Partner,On-Going,,20,,,,,,10-Existing,5 -Need External Resource,2 -Non Core for Subcon,7 -Urgent,5 -Limited,Add'l RFQ by Sir Jerick
4/28/2025,Pepsi Cola_ Sto Tomas- Electrical Repair of Fire Pump Motor,CMRP,0,PEPSI Cola,Electrification,FDAS,Manufacturing,F&B,4/28/2025,,PENDING,JMO,JEB,Partner,Not Yet Started,,15,,,,,,5-New Account No Champion,5 -Need External Resource,2 -Non Core for Subcon,5 -Budgetary,2 -No Data,RFQ by Roxlee Manay (Pepsi Sto. Tomas new Maint.)